file,room_id,room_name,timestamp,sender,gender,text,char_len
chat_history_8.17 13-13_30_2025-08-17.txt,2,8.17 13-13:30,2025/08/17 13:06:34,Lily,female,笑死,2
chat_history_8.17 13-13_30_2025-08-17.txt,2,8.17 13-13:30,2025/08/17 13:06:49,Lily,female,足球哲学这种说法很玄学吧,12
chat_history_8.17 13-13_30_2025-08-17.txt,2,8.17 13-13:30,2025/08/17 13:06:56,Steve,male,虽然我是多特球迷，但是客观的说，我认为纵观历史，皇马应该是全世界最好的球队哈哈哈,40
chat_history_8.17 13-13_30_2025-08-17.txt,2,8.17 13-13:30,2025/08/17 13:07:04,Zack,male,最好的球队咋定义啊,9
chat_history_8.17 13-13_30_2025-08-17.txt,2,8.17 13-13:30,2025/08/17 13:07:15,Zack,male,俱乐部地位肯定是皇马,10
chat_history_8.17 13-13_30_2025-08-17.txt,2,8.17 13-13:30,2025/08/17 13:07:18,Lily,female,哈哈（狗头）十五冠无需多言,13
chat_history_8.17 13-13_30_2025-08-17.txt,2,8.17 13-13:30,2025/08/17 13:07:24,Zack,male,但现在肯定差得远,8
chat_history_8.17 13-13_30_2025-08-17.txt,2,8.17 13-13:30,2025/08/17 13:07:36,Steve,male,足球哲学这东西很难定义吧，不仅包含球场上，也包含俱乐部运营,29
chat_history_8.17 13-13_30_2025-08-17.txt,2,8.17 13-13:30,2025/08/17 13:08:31,Lily,female,皇马主席的足球哲学，就是把最贵的球员都买到皇马来，然后让他们自己xjbt,36
chat_history_8.17 13-13_30_2025-08-17.txt,2,8.17 13-13:30,2025/08/17 13:08:37,Steve,male,老佛爷的运营策略和球队规划管理我觉得当世第一,22
chat_history_8.17 13-13_30_2025-08-17.txt,2,8.17 13-13:30,2025/08/17 13:08:46,Lily,female,不过上赛季已经出了一些问题,13
chat_history_8.17 13-13_30_2025-08-17.txt,2,8.17 13-13:30,2025/08/17 13:08:55,Zack,male,皇马的哲学可以理解为老板说了算,15
chat_history_8.17 13-13_30_2025-08-17.txt,2,8.17 13-13:30,2025/08/17 13:09:01,Steve,male,不怕试错，该买就买,9
chat_history_8.17 13-13_30_2025-08-17.txt,2,8.17 13-13:30,2025/08/17 13:09:06,Zack,male,但这招慢慢跟不上时代了,11
chat_history_8.17 13-13_30_2025-08-17.txt,2,8.17 13-13:30,2025/08/17 13:09:22,Lily,female,因为现在英超球队都很有钱了,13
chat_history_8.17 13-13_30_2025-08-17.txt,2,8.17 13-13:30,2025/08/17 13:09:36,Steve,male,英超内部消耗大,7
chat_history_8.17 13-13_30_2025-08-17.txt,2,8.17 13-13:30,2025/08/17 13:09:44,Zack,male,安切洛蒂我觉得就是冤死的,12
chat_history_8.17 13-13_30_2025-08-17.txt,2,8.17 13-13:30,2025/08/17 13:09:44,Steve,male,欧战容易出问题吧,8
chat_history_8.17 13-13_30_2025-08-17.txt,2,8.17 13-13:30,2025/08/17 13:10:09,Zack,male,上赛季那阵容谁来带都得下课,13
chat_history_8.17 13-13_30_2025-08-17.txt,2,8.17 13-13:30,2025/08/17 13:10:13,Steve,male,别说安胖了，c罗说放就放,12
chat_history_8.17 13-13_30_2025-08-17.txt,2,8.17 13-13:30,2025/08/17 13:10:19,Lily,female,皇马现在都不太买人了，英超big6每个夏窗都几个亿的投入,28
chat_history_8.17 13-13_30_2025-08-17.txt,2,8.17 13-13:30,2025/08/17 13:10:37,Zack,male,足球本质还得社群共生,10
chat_history_8.17 13-13_30_2025-08-17.txt,2,8.17 13-13:30,2025/08/17 13:10:46,Zack,male,皇马巴萨把西甲吸干了,10
chat_history_8.17 13-13_30_2025-08-17.txt,2,8.17 13-13:30,2025/08/17 13:10:55,Zack,male,英超走共同富裕,7
chat_history_8.17 13-13_30_2025-08-17.txt,2,8.17 13-13:30,2025/08/17 13:10:56,Steve,male,英超还是强度太大，赛事多，上赛季曼城就经历了疲软期,25
chat_history_8.17 13-13_30_2025-08-17.txt,2,8.17 13-13:30,2025/08/17 13:11:04,Zack,male,时间久了能体现差距,9
chat_history_8.17 13-13_30_2025-08-17.txt,2,8.17 13-13:30,2025/08/17 13:11:15,Steve,male,本质上还是城市发展差异吧,12
chat_history_8.17 13-13_30_2025-08-17.txt,2,8.17 13-13:30,2025/08/17 13:11:26,Steve,male,没钱能怎么办哈哈哈,9
chat_history_8.17 13-13_30_2025-08-17.txt,2,8.17 13-13:30,2025/08/17 13:11:40,Steve,male,英超有钱，转播费分成高,11
chat_history_8.17 13-13_30_2025-08-17.txt,2,8.17 13-13:30,2025/08/17 13:11:42,Steve,male,赞助多,3
chat_history_8.17 13-13_30_2025-08-17.txt,2,8.17 13-13:30,2025/08/17 13:11:44,Lily,female,德甲今年转播都不卖给咪咕了,13
chat_history_8.17 13-13_30_2025-08-17.txt,2,8.17 13-13:30,2025/08/17 13:11:57,Zack,male,英超主要是走共同富裕啊,11
chat_history_8.17 13-13_30_2025-08-17.txt,2,8.17 13-13:30,2025/08/17 13:12:03,Steve,male,西甲除了top3，其他都是臭鱼烂虾,17
chat_history_8.17 13-13_30_2025-08-17.txt,2,8.17 13-13:30,2025/08/17 13:12:09,Zack,male,保级队都能拿一大笔分成,11
chat_history_8.17 13-13_30_2025-08-17.txt,2,8.17 13-13:30,2025/08/17 13:12:21,Lily,female,英超也好看啊，时间对东八区也友好,16
chat_history_8.17 13-13_30_2025-08-17.txt,2,8.17 13-13:30,2025/08/17 13:12:24,Zack,male,整体强度上来了,7
chat_history_8.17 13-13_30_2025-08-17.txt,2,8.17 13-13:30,2025/08/17 13:12:33,Zack,male,自然看得人就多,7
chat_history_8.17 13-13_30_2025-08-17.txt,2,8.17 13-13:30,2025/08/17 13:12:37,Steve,male,英冠的球队都比很多西甲球队强,14
chat_history_8.17 13-13_30_2025-08-17.txt,2,8.17 13-13:30,2025/08/17 13:12:50,Steve,male,西甲很多球队运营都成问题,12
chat_history_8.17 13-13_30_2025-08-17.txt,2,8.17 13-13:30,2025/08/17 13:13:02,Lily,female,我是皇马球迷，除了皇萨竞的比赛，其他西甲球队也都不太看,27
chat_history_8.17 13-13_30_2025-08-17.txt,2,8.17 13-13:30,2025/08/17 13:13:05,Steve,male,瓦伦西亚那个华人老板哈哈哈,13
chat_history_8.17 13-13_30_2025-08-17.txt,2,8.17 13-13:30,2025/08/17 13:13:23,Steve,male,都不投钱了,5
chat_history_8.17 13-13_30_2025-08-17.txt,2,8.17 13-13:30,2025/08/17 13:13:48,Zack,male,西甲应该分成全被皇萨掏空了吧,14
chat_history_8.17 13-13_30_2025-08-17.txt,2,8.17 13-13:30,2025/08/17 13:13:53,Lily,female,所以现在的足球哲学更多是一种商业哲学吧,19
chat_history_8.17 13-13_30_2025-08-17.txt,2,8.17 13-13:30,2025/08/17 13:13:55,Steve,male,有一说一，英超的保级队比赛你应该也不会看,20
chat_history_8.17 13-13_30_2025-08-17.txt,2,8.17 13-13:30,2025/08/17 13:13:58,Zack,male,这就是商业的逻辑,8
chat_history_8.17 13-13_30_2025-08-17.txt,2,8.17 13-13:30,2025/08/17 13:14:11,Steve,male,都是生意吧,5
chat_history_8.17 13-13_30_2025-08-17.txt,2,8.17 13-13:30,2025/08/17 13:14:14,Zack,male,大鱼把小鱼吃完了，大鱼自己就没得活了,18
chat_history_8.17 13-13_30_2025-08-17.txt,2,8.17 13-13:30,2025/08/17 13:14:21,Steve,male,情怀不及生意,6
chat_history_8.17 13-13_30_2025-08-17.txt,2,8.17 13-13:30,2025/08/17 13:14:21,Lily,female,首先得赚到钱，才能军备竞赛,13
chat_history_8.17 13-13_30_2025-08-17.txt,2,8.17 13-13:30,2025/08/17 13:14:38,Zack,male,英超是大鱼把小鱼能养肥,11
chat_history_8.17 13-13_30_2025-08-17.txt,2,8.17 13-13:30,2025/08/17 13:14:39,Lily,female,皇马上赛季后半段一个健康的中卫都没有,18
chat_history_8.17 13-13_30_2025-08-17.txt,2,8.17 13-13:30,2025/08/17 13:14:47,Steve,male,英超球队哪怕年年没欧冠，还是吃的很香,18
chat_history_8.17 13-13_30_2025-08-17.txt,2,8.17 13-13:30,2025/08/17 13:14:52,Zack,male,整个池子养料多了,8
chat_history_8.17 13-13_30_2025-08-17.txt,2,8.17 13-13:30,2025/08/17 13:15:30,Zack,male,我是曼城球迷，曼城老板对外说什么联赛是基本盘的说法其实很有道理,31
chat_history_8.17 13-13_30_2025-08-17.txt,2,8.17 13-13:30,2025/08/17 13:15:30,Steve,male,优秀苗子也喜欢往英超跑,11
chat_history_8.17 13-13_30_2025-08-17.txt,2,8.17 13-13:30,2025/08/17 13:15:46,Steve,male,联赛确实是基本盘,8
chat_history_8.17 13-13_30_2025-08-17.txt,2,8.17 13-13:30,2025/08/17 13:15:49,Zack,male,当然一方面是给这么多年才一个欧冠嘴硬,18
chat_history_8.17 13-13_30_2025-08-17.txt,2,8.17 13-13:30,2025/08/17 13:15:59,Steve,male,哈哈哈，欧冠不确定因素太多,13
chat_history_8.17 13-13_30_2025-08-17.txt,2,8.17 13-13:30,2025/08/17 13:16:28,Zack,male,另一方面就是，联赛基础打好了，欧冠走不远钱也少不了,25
chat_history_8.17 13-13_30_2025-08-17.txt,2,8.17 13-13:30,2025/08/17 13:16:40,Steve,male,阿森纳这么多年没啥冠军，照样过得滋润哈哈哈,21
chat_history_8.17 13-13_30_2025-08-17.txt,2,8.17 13-13:30,2025/08/17 13:16:44,Zack,male,不打破良性运转的循环,10
chat_history_8.17 13-13_30_2025-08-17.txt,2,8.17 13-13:30,2025/08/17 13:16:57,Steve,male,最近也豪横起来了,8
chat_history_8.17 13-13_30_2025-08-17.txt,2,8.17 13-13:30,2025/08/17 13:17:02,Lily,female,西甲和英超还不太一样,10
chat_history_8.17 13-13_30_2025-08-17.txt,2,8.17 13-13:30,2025/08/17 13:17:15,Lily,female,再摆烂前三也稳稳的,9
chat_history_8.17 13-13_30_2025-08-17.txt,2,8.17 13-13:30,2025/08/17 13:17:33,Steve,male,有一说一曼城算是新时代金元足球开创者之一,20
chat_history_8.17 13-13_30_2025-08-17.txt,2,8.17 13-13:30,2025/08/17 13:17:38,Steve,male,和大巴黎一样,6
chat_history_8.17 13-13_30_2025-08-17.txt,2,8.17 13-13:30,2025/08/17 13:18:29,Lily,female,曼城瓜迪奥拉那套对中后场要求太高了,17
chat_history_8.17 13-13_30_2025-08-17.txt,2,8.17 13-13:30,2025/08/17 13:18:56,Lily,female,一般球队很难凑齐平均身价7000w的后卫组合的,23
chat_history_8.17 13-13_30_2025-08-17.txt,2,8.17 13-13:30,2025/08/17 13:19:04,Steve,male,回到足球哲学，如果单开场上，曼城这个属于是打上瓜迪奥拉烙印,29
chat_history_8.17 13-13_30_2025-08-17.txt,2,8.17 13-13:30,2025/08/17 13:19:30,Steve,male,从门将开始发起进攻,9
chat_history_8.17 13-13_30_2025-08-17.txt,2,8.17 13-13:30,2025/08/17 13:19:38,Steve,male,层层渗透,4
chat_history_8.17 13-13_30_2025-08-17.txt,2,8.17 13-13:30,2025/08/17 13:19:39,Zack,male,瓜迪奥拉这个哲学其实挺偏置的,14
chat_history_8.17 13-13_30_2025-08-17.txt,2,8.17 13-13:30,2025/08/17 13:20:02,Steve,male,容易被暴力突破打穿,9
chat_history_8.17 13-13_30_2025-08-17.txt,2,8.17 13-13:30,2025/08/17 13:20:14,Lily,female,一般赛季后期斯通斯伤了,11
chat_history_8.17 13-13_30_2025-08-17.txt,2,8.17 13-13:30,2025/08/17 13:20:17,Zack,male,他打法太废人了,7
chat_history_8.17 13-13_30_2025-08-17.txt,2,8.17 13-13:30,2025/08/17 13:20:25,Lily,female,上赛季罗德里又大伤,9
chat_history_8.17 13-13_30_2025-08-17.txt,2,8.17 13-13:30,2025/08/17 13:20:29,Zack,male,病床一大片,5
chat_history_8.17 13-13_30_2025-08-17.txt,2,8.17 13-13:30,2025/08/17 13:20:29,Steve,male,当年全盛曼城，遇到上升期的利物浦还是被进攻打穿,23
chat_history_8.17 13-13_30_2025-08-17.txt,2,8.17 13-13:30,2025/08/17 13:20:32,Lily,female,这一套就转不起来,8
chat_history_8.17 13-13_30_2025-08-17.txt,2,8.17 13-13:30,2025/08/17 13:20:50,Steve,male,所以瓜需要一直砸钱买人,11
chat_history_8.17 13-13_30_2025-08-17.txt,2,8.17 13-13:30,2025/08/17 13:20:58,Steve,male,后卫一直要买,6
chat_history_8.17 13-13_30_2025-08-17.txt,2,8.17 13-13:30,2025/08/17 13:21:15,Zack,male,曼城好在是青训做起来了,11
chat_history_8.17 13-13_30_2025-08-17.txt,2,8.17 13-13:30,2025/08/17 13:21:20,Steve,male,门将估计埃德森也快要换了,12
chat_history_8.17 13-13_30_2025-08-17.txt,2,8.17 13-13:30,2025/08/17 13:21:27,Steve,male,伤病太多,4
chat_history_8.17 13-13_30_2025-08-17.txt,2,8.17 13-13:30,2025/08/17 13:21:29,Zack,male,基本能维持财政平衡,9
chat_history_8.17 13-13_30_2025-08-17.txt,2,8.17 13-13:30,2025/08/17 13:21:41,Steve,male,曼城算是现在不盲目砸钱,11
chat_history_8.17 13-13_30_2025-08-17.txt,2,8.17 13-13:30,2025/08/17 13:21:57,Zack,male,主要也是卖人收入也够,10
chat_history_8.17 13-13_30_2025-08-17.txt,2,8.17 13-13:30,2025/08/17 13:21:58,Steve,male,至少不像车子和曼联,9
chat_history_8.17 13-13_30_2025-08-17.txt,2,8.17 13-13:30,2025/08/17 13:22:05,Steve,male,病急乱投医,5
chat_history_8.17 13-13_30_2025-08-17.txt,2,8.17 13-13:30,2025/08/17 13:22:09,Lily,female,曼联纯纯是没搞懂,8
chat_history_8.17 13-13_30_2025-08-17.txt,2,8.17 13-13:30,2025/08/17 13:22:10,Zack,male,瓜刚来的那几年是纯买,10
chat_history_8.17 13-13_30_2025-08-17.txt,2,8.17 13-13:30,2025/08/17 13:22:18,Zack,male,现在是能买也能卖,8
chat_history_8.17 13-13_30_2025-08-17.txt,2,8.17 13-13:30,2025/08/17 13:22:31,Lily,female,今年曼城大换血了,8
chat_history_8.17 13-13_30_2025-08-17.txt,2,8.17 13-13:30,2025/08/17 13:22:38,Lily,female,中场基本走完了,7
chat_history_8.17 13-13_30_2025-08-17.txt,2,8.17 13-13:30,2025/08/17 13:22:40,Zack,male,曼联的哲学是当游戏过家家,12
chat_history_8.17 13-13_30_2025-08-17.txt,2,8.17 13-13:30,2025/08/17 13:22:48,Steve,male,还好有沙特联赛,7
chat_history_8.17 13-13_30_2025-08-17.txt,2,8.17 13-13:30,2025/08/17 13:22:57,Steve,male,接盘了很多,5
chat_history_8.17 13-13_30_2025-08-17.txt,2,8.17 13-13:30,2025/08/17 13:23:12,Zack,male,沙特联真是黑天鹅,8
chat_history_8.17 13-13_30_2025-08-17.txt,2,8.17 13-13:30,2025/08/17 13:23:23,Zack,male,突然盘活了很多球队的资产,12
chat_history_8.17 13-13_30_2025-08-17.txt,2,8.17 13-13:30,2025/08/17 13:23:37,Steve,male,总之我觉得全部哲学场上场下我觉得皇马最强,20
chat_history_8.17 13-13_30_2025-08-17.txt,2,8.17 13-13:30,2025/08/17 13:23:40,Steve,male,哈哈哈,3
chat_history_8.17 13-13_30_2025-08-17.txt,2,8.17 13-13:30,2025/08/17 13:23:44,Steve,male,经久不衰,4
chat_history_8.17 13-13_30_2025-08-17.txt,2,8.17 13-13:30,2025/08/17 13:23:47,Lily,female,哈哈哈,3
chat_history_8.17 13-13_30_2025-08-17.txt,2,8.17 13-13:30,2025/08/17 13:23:54,Zack,male,我觉得历史上确实皇马最强,12
chat_history_8.17 13-13_30_2025-08-17.txt,2,8.17 13-13:30,2025/08/17 13:23:57,Steve,male,真豪门,3
chat_history_8.17 13-13_30_2025-08-17.txt,2,8.17 13-13:30,2025/08/17 13:24:04,Zack,male,但我认为他这套跟不上时代了,13
chat_history_8.17 13-13_30_2025-08-17.txt,2,8.17 13-13:30,2025/08/17 13:24:08,Steve,male,现在也是第一梯队,8
chat_history_8.17 13-13_30_2025-08-17.txt,2,8.17 13-13:30,2025/08/17 13:24:37,Steve,male,属于是靠一张joker牌带A带2来玩,18
chat_history_8.17 13-13_30_2025-08-17.txt,2,8.17 13-13:30,2025/08/17 13:24:46,Steve,male,以前的joker是C罗,11
chat_history_8.17 13-13_30_2025-08-17.txt,2,8.17 13-13:30,2025/08/17 13:24:51,Steve,male,现在是姆巴佩,6
chat_history_8.17 13：30-14_00_2025-08-17.txt,3,8.17 13：30-14:00,2025/08/17 13:34:26,Lily,female,所以我们需要聊什么,9
chat_history_8.17 13：30-14_00_2025-08-17.txt,3,8.17 13：30-14:00,2025/08/17 13:35:34,Zack,male,1,1
chat_history_8.17 13：30-14_00_2025-08-17.txt,3,8.17 13：30-14:00,2025/08/17 13:41:07,Lily,female,我觉得很难谈最伟大的足球哲学,14
chat_history_8.17 13：30-14_00_2025-08-17.txt,3,8.17 13：30-14:00,2025/08/17 13:41:23,Zack,male,确实,2
chat_history_8.17 13：30-14_00_2025-08-17.txt,3,8.17 13：30-14:00,2025/08/17 13:41:30,Lily,female,无论是传控还是防反都有自己的特点优势,18
chat_history_8.17 13：30-14_00_2025-08-17.txt,3,8.17 13：30-14:00,2025/08/17 13:41:47,Zack,male,最成功皇马呗，冠军最多,11
chat_history_8.17 13：30-14_00_2025-08-17.txt,3,8.17 13：30-14:00,2025/08/17 13:42:15,Lily,female,我是曼城球迷，瓜追求传控的稳定，但是我们球迷有时候也不太喜欢过于保守的传控,37
chat_history_8.17 13：30-14_00_2025-08-17.txt,3,8.17 13：30-14:00,2025/08/17 13:42:50,Lily,female,成功不能光从冠军来谈吧，而且其他俱乐部的冠军也不见少,26
chat_history_8.17 13：30-14_00_2025-08-17.txt,3,8.17 13：30-14:00,2025/08/17 13:43:42,Zack,male,欧冠最多，球星多，人气也高，俱乐部文化做的也好，综合来说就是最成功吧,34
chat_history_8.17 13：30-14_00_2025-08-17.txt,3,8.17 13：30-14:00,2025/08/17 13:43:59,Steve,male,商业也最成功,6
chat_history_8.17 13：30-14_00_2025-08-17.txt,3,8.17 13：30-14:00,2025/08/17 13:44:00,Zack,male,其他的就巴萨和米兰，可以比一比了,16
chat_history_8.17 13：30-14_00_2025-08-17.txt,3,8.17 13：30-14:00,2025/08/17 13:44:24,Lily,female,球队成绩的长期稳定性，更衣室的和谐，球队商业价值，都是一支球队成功与否的决定因素,40
chat_history_8.17 13：30-14_00_2025-08-17.txt,3,8.17 13：30-14:00,2025/08/17 13:45:10,Lily,female,联赛呢，皇马的联赛可不怎么稳定吧,16
chat_history_8.17 13：30-14_00_2025-08-17.txt,3,8.17 13：30-14:00,2025/08/17 13:45:34,Steve,male,常年前三还不稳定吗,9
chat_history_8.17 13：30-14_00_2025-08-17.txt,3,8.17 13：30-14:00,2025/08/17 13:45:52,Zack,male,皇马联赛应该也不少吧，这么多年下来,17
chat_history_8.17 13：30-14_00_2025-08-17.txt,3,8.17 13：30-14:00,2025/08/17 13:45:58,Lily,female,说到米兰，米兰现在的转会窗还真是让人摸不着头脑,23
chat_history_8.17 13：30-14_00_2025-08-17.txt,3,8.17 13：30-14:00,2025/08/17 13:46:13,Steve,male,也总不能总是冠军 菜如法甲大巴黎都不能年年拿冠军,24
chat_history_8.17 13：30-14_00_2025-08-17.txt,3,8.17 13：30-14:00,2025/08/17 13:46:25,Zack,male,米兰近二十年太低谷了些,11
chat_history_8.17 13：30-14_00_2025-08-17.txt,3,8.17 13：30-14:00,2025/08/17 13:46:37,Lily,female,巴黎今年应该要拿金球和最佳团队了,16
chat_history_8.17 13：30-14_00_2025-08-17.txt,3,8.17 13：30-14:00,2025/08/17 13:46:48,Steve,male,整个意甲都不行,7
chat_history_8.17 13：30-14_00_2025-08-17.txt,3,8.17 13：30-14:00,2025/08/17 13:47:00,Lily,female,不过听说现在巴黎的更衣室并不稳定,16
chat_history_8.17 13：30-14_00_2025-08-17.txt,3,8.17 13：30-14:00,2025/08/17 13:47:05,Steve,male,巴黎今年运太正了,8
chat_history_8.17 13：30-14_00_2025-08-17.txt,3,8.17 13：30-14:00,2025/08/17 13:47:26,Zack,male,恩里克都让钱多多走人了,11
chat_history_8.17 13：30-14_00_2025-08-17.txt,3,8.17 13：30-14:00,2025/08/17 13:47:31,Lily,female,意甲节奏太慢了，不然怎么说养老联赛,17
chat_history_8.17 13：30-14_00_2025-08-17.txt,3,8.17 13：30-14:00,2025/08/17 13:47:33,Zack,male,确实不和谐,5
chat_history_8.17 13：30-14_00_2025-08-17.txt,3,8.17 13：30-14:00,2025/08/17 13:47:35,Steve,male,国内联赛没啥压力 专注杯赛就行,15
chat_history_8.17 13：30-14_00_2025-08-17.txt,3,8.17 13：30-14:00,2025/08/17 13:47:49,Lily,female,钱多多的个人协议和曼城已经聊的差不多了,19
chat_history_8.17 13：30-14_00_2025-08-17.txt,3,8.17 13：30-14:00,2025/08/17 13:48:08,Lily,female,这也使得国米这几年的杯赛成绩很好啊,17
chat_history_8.17 13：30-14_00_2025-08-17.txt,3,8.17 13：30-14:00,2025/08/17 13:48:27,Lily,female,像英超的联赛压力就太大了,12
chat_history_8.17 13：30-14_00_2025-08-17.txt,3,8.17 13：30-14:00,2025/08/17 13:48:36,Steve,male,意甲关注度还是弱了,9
chat_history_8.17 13：30-14_00_2025-08-17.txt,3,8.17 13：30-14:00,2025/08/17 13:48:48,Steve,male,没有竞争力,5
chat_history_8.17 13：30-14_00_2025-08-17.txt,3,8.17 13：30-14:00,2025/08/17 13:49:04,Steve,male,这赛季英超没有弱队,9
chat_history_8.17 13：30-14_00_2025-08-17.txt,3,8.17 13：30-14:00,2025/08/17 13:49:07,Lily,female,意甲有部分都是老球员们养老的地方了,17
chat_history_8.17 13：30-14_00_2025-08-17.txt,3,8.17 13：30-14:00,2025/08/17 13:49:28,Lily,female,桑德兰作为今年的升班马，居然3-0大胜铁锤,21
chat_history_8.17 13：30-14_00_2025-08-17.txt,3,8.17 13：30-14:00,2025/08/17 13:49:37,Lily,female,这是今天比较震惊的,9
chat_history_8.17 13：30-14_00_2025-08-17.txt,3,8.17 13：30-14:00,2025/08/17 13:49:51,Zack,male,升班马首场好像都会表现不错,13
chat_history_8.17 13：30-14_00_2025-08-17.txt,3,8.17 13：30-14:00,2025/08/17 13:49:52,Lily,female,往年的升班马实力都相对不太行,14
chat_history_8.17 13：30-14_00_2025-08-17.txt,3,8.17 13：30-14:00,2025/08/17 13:49:59,Steve,male,有点恐怖热刺也差点把巴黎干了,14
chat_history_8.17 13：30-14_00_2025-08-17.txt,3,8.17 13：30-14:00,2025/08/17 13:50:28,Lily,female,澳波是典型的快攻战术，他追求大开大合的打法,21
chat_history_8.17 13：30-14_00_2025-08-17.txt,3,8.17 13：30-14:00,2025/08/17 13:50:38,Zack,male,感觉热刺和切尔西能跑，所以没那么怕巴黎,19
chat_history_8.17 13：30-14_00_2025-08-17.txt,3,8.17 13：30-14:00,2025/08/17 13:50:43,Lily,female,这对热刺的后防压力要求很大,13
chat_history_8.17 13：30-14_00_2025-08-17.txt,3,8.17 13：30-14:00,2025/08/17 13:51:06,Lily,female,所以热刺进球多，丢球也多，不然它上个赛季就不至于差点降级了,29
chat_history_8.17 13：30-14_00_2025-08-17.txt,3,8.17 13：30-14:00,2025/08/17 13:51:36,Lily,female,现在热刺换了主教练，还没看他们的首赛表现呢,21
chat_history_8.17 13：30-14_00_2025-08-17.txt,3,8.17 13：30-14:00,2025/08/17 13:51:55,Lily,female,巴黎的中场实力今年非常强劲,13
chat_history_8.17 13：30-14_00_2025-08-17.txt,3,8.17 13：30-14:00,2025/08/17 13:52:03,Lily,female,得中场者得天下啊,8
chat_history_8.17 13：30-14_00_2025-08-17.txt,3,8.17 13：30-14:00,2025/08/17 13:52:13,Zack,male,巴黎维球王确实猛,8
chat_history_8.17 13：30-14_00_2025-08-17.txt,3,8.17 13：30-14:00,2025/08/17 13:52:24,Steve,male,弗兰克还是有点东西 打的很务实,15
chat_history_8.17 13：30-14_00_2025-08-17.txt,3,8.17 13：30-14:00,2025/08/17 13:52:24,Zack,male,两个边后卫也很变态,9
chat_history_8.17 13：30-14_00_2025-08-17.txt,3,8.17 13：30-14:00,2025/08/17 13:52:43,Lily,female,无论是传控还是反防都需要结实强大的中场进行组织推进策动,27
chat_history_8.17 13：30-14_00_2025-08-17.txt,3,8.17 13：30-14:00,2025/08/17 13:53:05,Steve,male,好的组织型中场太少了现在,12
chat_history_8.17 13：30-14_00_2025-08-17.txt,3,8.17 13：30-14:00,2025/08/17 13:53:21,Lily,female,不过前段时间看新闻，那边有新闻说巴黎队内有人不服维蒂尼亚,28
chat_history_8.17 13：30-14_00_2025-08-17.txt,3,8.17 13：30-14:00,2025/08/17 13:53:28,Steve,male,买不到 现在都在刮小腰,11
chat_history_8.17 13：30-14_00_2025-08-17.txt,3,8.17 13：30-14:00,2025/08/17 13:53:41,Steve,male,巴黎更衣室一直有问题,10
chat_history_8.17 13：30-14_00_2025-08-17.txt,3,8.17 13：30-14:00,2025/08/17 13:53:45,Lily,female,曼城这几年一直在市面上寻找合适的组织中场，可惜一直失败,27
chat_history_8.17 13：30-14_00_2025-08-17.txt,3,8.17 13：30-14:00,2025/08/17 13:53:51,Steve,male,高层也有问题,6
chat_history_8.17 13：30-14_00_2025-08-17.txt,3,8.17 13：30-14:00,2025/08/17 13:54:00,Lily,female,现在切尔基和赖因得斯还可以,13
chat_history_8.17 13：30-14_00_2025-08-17.txt,3,8.17 13：30-14:00,2025/08/17 13:54:11,Lily,female,巴黎的那个高层都不乐意说他,13
chat_history_8.17 13：30-14_00_2025-08-17.txt,3,8.17 13：30-14:00,2025/08/17 13:54:16,Lily,female,很蠢,2
chat_history_8.17 13：30-14_00_2025-08-17.txt,3,8.17 13：30-14:00,2025/08/17 13:54:27,Lily,female,特别是去年姆巴佩的转会一事,13
chat_history_8.17 13：30-14_00_2025-08-17.txt,3,8.17 13：30-14:00,2025/08/17 13:54:30,Zack,male,有钱就行哈哈哈,7
chat_history_8.17 13：30-14_00_2025-08-17.txt,3,8.17 13：30-14:00,2025/08/17 13:54:38,Lily,female,现在是有钱买不到,8
chat_history_8.17 13：30-14_00_2025-08-17.txt,3,8.17 13：30-14:00,2025/08/17 13:54:42,Steve,male,皇马在练居莱尔 还是很有潜力,14
chat_history_8.17 13：30-14_00_2025-08-17.txt,3,8.17 13：30-14:00,2025/08/17 13:54:57,Lily,female,有能力的球员都想要核心位置和高薪资,17
chat_history_8.17 13：30-14_00_2025-08-17.txt,3,8.17 13：30-14:00,2025/08/17 13:55:11,Lily,female,居莱尔是不是有些瘦小了我印象里,15
chat_history_8.17 13：30-14_00_2025-08-17.txt,3,8.17 13：30-14:00,2025/08/17 13:55:21,Lily,female,对抗会不会有点问题,9
chat_history_8.17 13：30-14_00_2025-08-17.txt,3,8.17 13：30-14:00,2025/08/17 13:55:29,Zack,male,居莱尔我欧洲杯看过几场，感觉有点偏向二前锋,21
chat_history_8.17 13：30-14_00_2025-08-17.txt,3,8.17 13：30-14:00,2025/08/17 13:55:31,Steve,male,增肌了,3
chat_history_8.17 13：30-14_00_2025-08-17.txt,3,8.17 13：30-14:00,2025/08/17 13:55:50,Steve,male,现在改踢10号位,8
chat_history_8.17 13：30-14_00_2025-08-17.txt,3,8.17 13：30-14:00,2025/08/17 13:56:04,Steve,male,感觉咱们跑题了哈哈哈,10
chat_history_8.17 13：30-14_00_2025-08-17.txt,3,8.17 13：30-14:00,2025/08/17 13:56:13,Lily,female,现在做个总结吧，最佳球队应该确定皇马了,19
chat_history_8.17 13：30-14_00_2025-08-17.txt,3,8.17 13：30-14:00,2025/08/17 13:56:19,Lily,female,最佳战术呢,5
chat_history_8.17 13：30-14_00_2025-08-17.txt,3,8.17 13：30-14:00,2025/08/17 13:56:24,Steve,male,我说皇马最成功 谁赞成谁反对,14
chat_history_8.17 13：30-14_00_2025-08-17.txt,3,8.17 13：30-14:00,2025/08/17 13:56:53,Zack,male,我个人是觉得皇马，哲学的话我同意这位曼城球迷的，没有标准答案，所以足球世界才精彩,40
chat_history_8.17 13：30-14_00_2025-08-17.txt,3,8.17 13：30-14:00,2025/08/17 13:56:54,Steve,male,现在流行进攻352防守532,14
chat_history_8.17 13：30-14_00_2025-08-17.txt,3,8.17 13：30-14:00,2025/08/17 13:56:55,Lily,female,我觉得瓜能改进保守的传控，改快速传递就是最成功的,24
chat_history_8.17 13：30-14_00_2025-08-17.txt,3,8.17 13：30-14:00,2025/08/17 13:57:10,Lily,female,将快攻防反和传控结合,10
chat_history_8.17 13：30-14_00_2025-08-17.txt,3,8.17 13：30-14:00,2025/08/17 13:57:46,Lily,female,足球是圆的，一切皆有可能,12
chat_history_8.17 13：30-14_00_2025-08-17.txt,3,8.17 13：30-14:00,2025/08/17 13:57:54,Steve,male,好呢,2
chat_history_8.17 13：30-14_00_2025-08-17.txt,3,8.17 13：30-14:00,2025/08/17 13:58:18,Steve,male,再见各位,4
chat_history_8.17 13：30-14_00_2025-08-17.txt,3,8.17 13：30-14:00,2025/08/17 13:58:29,Zack,male,再见👋,3
chat_history_8.17 13：30-14_00_2025-08-17.txt,3,8.17 13：30-14:00,2025/08/17 13:58:30,Lily,female,再见,2
chat_history_8.17 14：00-14_30_2025-08-17.txt,4,8.17 14：00-14:30,2025/08/17 14:03:21,Steve,male,hello,5
chat_history_8.17 14：00-14_30_2025-08-17.txt,4,8.17 14：00-14:30,2025/08/17 14:03:56,Steve,male,ok,2
chat_history_8.17 14：00-14_30_2025-08-17.txt,4,8.17 14：00-14:30,2025/08/17 14:05:27,Lily,female,hi,2
chat_history_8.17 14：00-14_30_2025-08-17.txt,4,8.17 14：00-14:30,2025/08/17 14:07:10,Steve,male,话题是你们给还是自由？,11
chat_history_8.17 14：00-14_30_2025-08-17.txt,4,8.17 14：00-14:30,2025/08/17 14:07:30,ccj,male,那就先恭喜凯恩叔叔获得第二冠,14
chat_history_8.17 14：00-14_30_2025-08-17.txt,4,8.17 14：00-14:30,2025/08/17 14:07:41,Steve,male,hhh,3
chat_history_8.17 14：00-14_30_2025-08-17.txt,4,8.17 14：00-14:30,2025/08/17 14:08:15,ccj,male,这么大的话题吗,7
chat_history_8.17 14：00-14_30_2025-08-17.txt,4,8.17 14：00-14:30,2025/08/17 14:08:16,Steve,male,感觉是皇马吧，欧冠最多,11
chat_history_8.17 14：00-14_30_2025-08-17.txt,4,8.17 14：00-14:30,2025/08/17 14:08:22,Steve,male,一般是这么认为,7
chat_history_8.17 14：00-14_30_2025-08-17.txt,4,8.17 14：00-14:30,2025/08/17 14:08:29,Steve,male,我是利物浦球迷),8
chat_history_8.17 14：00-14_30_2025-08-17.txt,4,8.17 14：00-14:30,2025/08/17 14:08:58,Lily,female,emmm在欧冠冠军数方面确实一骑绝尘,18
chat_history_8.17 14：00-14_30_2025-08-17.txt,4,8.17 14：00-14:30,2025/08/17 14:09:08,Steve,male,至于足球哲学，感觉这玩意儿挺玄乎的,17
chat_history_8.17 14：00-14_30_2025-08-17.txt,4,8.17 14：00-14:30,2025/08/17 14:09:39,Steve,male,有了主队之后，感觉就不太在意这个东西了,19
chat_history_8.17 14：00-14_30_2025-08-17.txt,4,8.17 14：00-14:30,2025/08/17 14:09:52,Steve,male,主队能赢管什么足球哲学,11
chat_history_8.17 14：00-14_30_2025-08-17.txt,4,8.17 14：00-14:30,2025/08/17 14:09:55,Lily,female,我觉得皇马最吸引我的就是冠军之心吧,17
chat_history_8.17 14：00-14_30_2025-08-17.txt,4,8.17 14：00-14:30,2025/08/17 14:10:55,Steve,male,"感觉这玩意也玄乎，上赛季被巴萨四杀,没看到什么冠军之心",27
chat_history_8.17 14：00-14_30_2025-08-17.txt,4,8.17 14：00-14:30,2025/08/17 14:11:21,ccj,male,好锐,2
chat_history_8.17 14：00-14_30_2025-08-17.txt,4,8.17 14：00-14:30,2025/08/17 14:11:24,Steve,male,"所谓的底蕴冠军之心，所以总是能绝杀,感觉更多是体能好",26
chat_history_8.17 14：00-14_30_2025-08-17.txt,4,8.17 14：00-14:30,2025/08/17 14:11:36,Lily,female,竞技体育哪有常胜不败的？,12
chat_history_8.17 14：00-14_30_2025-08-17.txt,4,8.17 14：00-14:30,2025/08/17 14:11:38,Steve,male,再一个是战术龟,7
chat_history_8.17 14：00-14_30_2025-08-17.txt,4,8.17 14：00-14:30,2025/08/17 14:12:23,Lily,female,绝杀靠着不就是信念，这也是很多小球队撑不到最后的原因,26
chat_history_8.17 14：00-14_30_2025-08-17.txt,4,8.17 14：00-14:30,2025/08/17 14:12:27,Steve,male,"是这样的，所以说什么冠军之心,感觉太玄乎了，哪个球员不渴望冠军？",32
chat_history_8.17 14：00-14_30_2025-08-17.txt,4,8.17 14：00-14:30,2025/08/17 14:12:48,Steve,male,在我看来，还是因为战术，防守反击，所以保留了更多体力,26
chat_history_8.17 14：00-14_30_2025-08-17.txt,4,8.17 14：00-14:30,2025/08/17 14:13:58,ccj,male,那既然提到战术，这对应的是“某支球队”有最好的足球哲学还是“某位教练”有他的足球哲学呢,43
chat_history_8.17 14：00-14_30_2025-08-17.txt,4,8.17 14：00-14:30,2025/08/17 14:14:19,Steve,male,我认为教练占80%,9
chat_history_8.17 14：00-14_30_2025-08-17.txt,4,8.17 14：00-14:30,2025/08/17 14:14:30,Steve,male,最好的例子就是阿森纳,10
chat_history_8.17 14：00-14_30_2025-08-17.txt,4,8.17 14：00-14:30,2025/08/17 14:14:54,Lily,female,教练的哲学可能很多，但到了赛场上一切都是未知的，最后表现出来的可能不到10%,38
chat_history_8.17 14：00-14_30_2025-08-17.txt,4,8.17 14：00-14:30,2025/08/17 14:15:13,ccj,male,我不觉得教练的东西表现出来不到10%,18
chat_history_8.17 14：00-14_30_2025-08-17.txt,4,8.17 14：00-14:30,2025/08/17 14:15:29,Steve,male,看教练的名气，还有在球队的时间吧,16
chat_history_8.17 14：00-14_30_2025-08-17.txt,4,8.17 14：00-14:30,2025/08/17 14:15:44,Steve,male,临时接手可能无法发挥出所有战术,15
chat_history_8.17 14：00-14_30_2025-08-17.txt,4,8.17 14：00-14:30,2025/08/17 14:15:55,Steve,male,基本上待个两三年就把球队可以改造成自己的了,21
chat_history_8.17 14：00-14_30_2025-08-17.txt,4,8.17 14：00-14:30,2025/08/17 14:16:07,Steve,male,比如这赛季的利物浦就和两三个赛季之前完全不一样,23
chat_history_8.17 14：00-14_30_2025-08-17.txt,4,8.17 14：00-14:30,2025/08/17 14:16:34,Steve,male,现在主要是中路肋部进攻，踢传控,15
chat_history_8.17 14：00-14_30_2025-08-17.txt,4,8.17 14：00-14:30,2025/08/17 14:16:56,Steve,male,而之前更多是从两翼发起，不经过中场,17
chat_history_8.17 14：00-14_30_2025-08-17.txt,4,8.17 14：00-14:30,2025/08/17 14:16:58,Lily,female,安切洛蒂也成名很久了吧，高层不给补人，不也是没有用武之地,28
chat_history_8.17 14：00-14_30_2025-08-17.txt,4,8.17 14：00-14:30,2025/08/17 14:17:23,Steve,male,但是我认为安切洛蒂已经踢出了他自己的战术,20
chat_history_8.17 14：00-14_30_2025-08-17.txt,4,8.17 14：00-14:30,2025/08/17 14:17:32,Steve,male,虽然没有买人，但是皇马的阵容已经足够了,19
chat_history_8.17 14：00-14_30_2025-08-17.txt,4,8.17 14：00-14:30,2025/08/17 14:17:49,ccj,male,安胖作为教练也拿过好几个欧冠吧,15
chat_history_8.17 14：00-14_30_2025-08-17.txt,4,8.17 14：00-14:30,2025/08/17 14:18:01,Lily,female,上赛季吗？,5
chat_history_8.17 14：00-14_30_2025-08-17.txt,4,8.17 14：00-14:30,2025/08/17 14:18:46,Steve,male,上赛季感觉是安切洛蒂自己也想走了,16
chat_history_8.17 14：00-14_30_2025-08-17.txt,4,8.17 14：00-14:30,2025/08/17 14:18:55,Steve,male,前场那几个大牌不听他的,11
chat_history_8.17 14：00-14_30_2025-08-17.txt,4,8.17 14：00-14:30,2025/08/17 14:19:00,Lily,female,克罗斯一退役，莫德里奇又大一岁，上赛季中场一直就很混乱,27
chat_history_8.17 14：00-14_30_2025-08-17.txt,4,8.17 14：00-14:30,2025/08/17 14:20:31,Steve,male,战术肯定需要球员支撑，那可以把教练名气改成管理层对教练的支持度,31
chat_history_8.17 14：00-14_30_2025-08-17.txt,4,8.17 14：00-14:30,2025/08/17 14:20:56,ccj,male,不过说回这个讨论的主题啊，感觉我们这种有主队的球迷都很难去回答哪支球队是最好的球队，只能去说哪一年最好的球队是哪个,57
chat_history_8.17 14：00-14_30_2025-08-17.txt,4,8.17 14：00-14:30,2025/08/17 14:21:15,ccj,male,本身球队的球员教练，甚至管理层都是动态的,20
chat_history_8.17 14：00-14_30_2025-08-17.txt,4,8.17 14：00-14:30,2025/08/17 14:21:52,Steve,male,感觉反了，哪一年最好的我认为是可以讨论的，但是历史上最好的感觉还是皇马,35
chat_history_8.17 14：00-14_30_2025-08-17.txt,4,8.17 14：00-14:30,2025/08/17 14:22:31,Steve,male,那就讨论一下哪一年哪支球队是最好的？,18
chat_history_8.17 14：00-14_30_2025-08-17.txt,4,8.17 14：00-14:30,2025/08/17 14:23:12,Steve,male,比如说你们觉得欧冠冠军一定是这一年最好的球队吗？,24
chat_history_8.17 14：00-14_30_2025-08-17.txt,4,8.17 14：00-14:30,2025/08/17 14:23:37,Lily,female,那不一定，毕竟欧冠也只是杯赛，充满了不确定性,22
chat_history_8.17 14：00-14_30_2025-08-17.txt,4,8.17 14：00-14:30,2025/08/17 14:23:38,ccj,male,按你的标准 就应该是了呗,12
chat_history_8.17 14：00-14_30_2025-08-17.txt,4,8.17 14：00-14:30,2025/08/17 14:24:00,Steve,male,我只是觉得欧冠最多，而且是断层多，可以说明，但是我没有觉得欧冠冠军一定是最好的,39
chat_history_8.17 14：00-14_30_2025-08-17.txt,4,8.17 14：00-14:30,2025/08/17 14:24:31,ccj,male,我是觉得如果同时拿下国内联赛和欧冠，那肯定是最好的。如果只拿一个，我会认为是球队有取舍，在欧冠这边投入得更多,54
chat_history_8.17 14：00-14_30_2025-08-17.txt,4,8.17 14：00-14:30,2025/08/17 14:24:41,Steve,male,你这个说法我很认同,9
chat_history_8.17 14：00-14_30_2025-08-17.txt,4,8.17 14：00-14:30,2025/08/17 14:24:53,Lily,female,主要是欧冠的认可度比较高吧，影响力和知名度都有，甚至金球奖的排名，一定程度上也要看这个,43
chat_history_8.17 14：30-15_00_2025-08-17.txt,5,8.17 14：30-15:00,2025/08/17 14:33:03,ccj,male,来啦,2
chat_history_8.17 14：30-15_00_2025-08-17.txt,5,8.17 14：30-15:00,2025/08/17 14:34:50,ccj,male,这个不能语音呀？,8
chat_history_8.17 14：30-15_00_2025-08-17.txt,5,8.17 14：30-15:00,2025/08/17 14:36:56,ccj,male,好👌🏻,3
chat_history_8.17 14：30-15_00_2025-08-17.txt,5,8.17 14：30-15:00,2025/08/17 14:37:30,ccj,male,宝子，还在等人吗,8
chat_history_8.17 14：30-15_00_2025-08-17.txt,5,8.17 14：30-15:00,2025/08/17 14:38:01,ccj,male,呃，好吧，那我继续等,10
chat_history_8.17 14：30-15_00_2025-08-17.txt,5,8.17 14：30-15:00,2025/08/17 14:38:30,ccj,male,没事儿，您发个音频消息给他,13
chat_history_8.17 14：30-15_00_2025-08-17.txt,5,8.17 14：30-15:00,2025/08/17 14:43:29,ccj,male,好👌🏻,3
chat_history_8.17 14：30-15_00_2025-08-17.txt,5,8.17 14：30-15:00,2025/08/17 14:44:06,ccj,male,好,1
chat_history_8.17 14：30-15_00_2025-08-17.txt,5,8.17 14：30-15:00,2025/08/17 14:46:38,ccj,male,好，我喜欢米兰30年了块，最爱的球队，没有之一，不管是冠军数和过去辉煌战纪都毫无疑问是当时的世界最强，91到93夸三个赛季58场不败,66
chat_history_8.17 14：30-15_00_2025-08-17.txt,5,8.17 14：30-15:00,2025/08/17 14:49:01,ccj,male,9米兰伟大的哲学就是球迷唱着队歌，一步一步陪着米兰走过无数春夏秋冬，这里有伊斯坦布尔的失败，有连续三个赛季打进欧冠决赛的辉煌,62
chat_history_8.17 14：30-15_00_2025-08-17.txt,5,8.17 14：30-15:00,2025/08/17 14:49:39,Lily,female,洲际赛场上，拜仁慕尼黑曾经连续三次夺得欧冠冠军，在19/20赛季取得了六冠王的历史性成就。国内联赛方面，拜仁也曾连续十几个赛季夺得德甲冠军。,70
chat_history_8.17 14：30-15_00_2025-08-17.txt,5,8.17 14：30-15:00,2025/08/17 14:50:02,Steve,male,我喜欢皇家马德里从记事开始就开始了，他被国际足联评为20世纪最佳俱乐部，世界上最富有、最具有价值的俱乐部之一。代表着西班牙足球的顶尖水平。,69
chat_history_8.17 14：30-15_00_2025-08-17.txt,5,8.17 14：30-15:00,2025/08/17 14:51:35,ccj,male,我们男球迷更注重技战术打法，从卡佩罗到安切洛蒂到阿莱格里等等，重视的是战术打法，米兰球员颜值也很高，其实喜欢足球的女球迷除了喜欢颜值高的帅哥以外，也有很多女球迷也喜欢分析战术的,88
chat_history_8.17 14：30-15_00_2025-08-17.txt,5,8.17 14：30-15:00,2025/08/17 14:53:26,ccj,male,拜仁和皇马都是各个俱乐部，乃至整个世界最厉害的俱乐部，值得尊重，迪斯蒂法诺，c罗，巴拉克，齐达内无数顶级球员，每个球队都有辉煌和低谷,66
chat_history_8.17 14：30-15_00_2025-08-17.txt,5,8.17 14：30-15:00,2025/08/17 14:56:00,Steve,male,作为皇马球迷，我们不追求踢的漂亮，我们追求赢得一切，但当我们需要漂亮的时候，我们也能赢，我相信顶级球星能以一己之力改变比赛，安切洛蒂等教练一直提倡将华丽注入效率。关键不是控球率而是致命一击的效率。,98
chat_history_8.17 14：30-15_00_2025-08-17.txt,5,8.17 14：30-15:00,2025/08/17 14:56:15,Lily,female,十几年前的米兰，还能够称为是世界上最好的俱乐部之一，但最近十年，米兰一直在经历动荡和重建,44
chat_history_8.17 14：30-15_00_2025-08-17.txt,5,8.17 14：30-15:00,2025/08/17 14:56:37,ccj,male,荷兰三剑客，卡卡，舍普琴科，维啊，博班，皮尔洛，因扎吉，想想祖上都阔绰,35
chat_history_8.17 14：30-15_00_2025-08-17.txt,5,8.17 14：30-15:00,2025/08/17 14:58:03,ccj,male,米兰现在不容易，最近五年战绩真的一般，皇马欧冠也输给过巴黎，拜仁和皇马欧冠战绩一直最近几年不好，皇马强一些，安切洛蒂世界第一教练，没毛病,68
chat_history_8.17 14：30-15_00_2025-08-17.txt,5,8.17 14：30-15:00,2025/08/17 14:58:16,Steve,male,皇马是西班牙王室的“御用俱乐部”，队徽上的皇冠代表国家荣耀。胜利不仅为球迷，更为一种历史责任“穿上这件白色球衣，你已无需动员，这是皇马更衣室的文化,73
chat_history_8.17 14：30-15_00_2025-08-17.txt,5,8.17 14：30-15:00,2025/08/17 14:59:04,ccj,male,这三家俱乐部整体运营模式不一样的，不过队歌都很好听,25
chat_history_8.17 14：30-15_00_2025-08-17.txt,5,8.17 14：30-15:00,2025/08/17 14:59:35,ccj,male,都是百年俱乐部，都值得尊重,13
chat_history_8.17 14：30-15_00_2025-08-17.txt,5,8.17 14：30-15:00,2025/08/17 15:00:00,Steve,male,没错，这种俱乐部文化是一直传承和发扬的,19
chat_history_8.17 14：30-15_00_2025-08-17.txt,5,8.17 14：30-15:00,2025/08/17 15:00:40,ccj,male,是的，球迷都会有情结,10
chat_history_8.17 14：30-15_00_2025-08-17.txt,5,8.17 14：30-15:00,2025/08/17 15:01:47,ccj,male,总结起来，三家世界最厉害的俱乐部，诞生了无数世界顶级球员，陪我们度过每一天,37
chat_history_8.17 14：30-15_00_2025-08-17.txt,5,8.17 14：30-15:00,2025/08/17 15:02:23,Steve,male,是的，都有每代人的记忆,11
chat_history_8.17 14：30-15_00_2025-08-17.txt,5,8.17 14：30-15:00,2025/08/17 15:02:38,ccj,male,好谢谢,3
chat_history_8.17 15：00-15_30_2025-08-17.txt,6,8.17 15：00-15:30,2025/08/17 15:05:05,ccj,male,这很难了,4
chat_history_8.17 15：00-15_30_2025-08-17.txt,6,8.17 15：00-15:30,2025/08/17 15:05:12,ccj,male,哈哈哈哈,4
chat_history_8.17 15：00-15_30_2025-08-17.txt,6,8.17 15：00-15:30,2025/08/17 15:05:53,Lily,female,哈哈哈哈哈真的很困难了,11
chat_history_8.17 15：00-15_30_2025-08-17.txt,6,8.17 15：00-15:30,2025/08/17 15:06:10,Lily,female,皇马有点孤立无援了,9
chat_history_8.17 15：00-15_30_2025-08-17.txt,6,8.17 15：00-15:30,2025/08/17 15:06:30,ccj,male,上个赛季确实不如巴萨,10
chat_history_8.17 15：00-15_30_2025-08-17.txt,6,8.17 15：00-15:30,2025/08/17 15:07:12,ccj,male,上上个赛季四杀你们，上个赛季被你们四杀（或者更多,24
chat_history_8.17 15：00-15_30_2025-08-17.txt,6,8.17 15：00-15:30,2025/08/17 15:07:14,Steve,male,我认为曼城是现在最好的球队之一，和皇马巴萨运营以及赞助方面，是隐隐有赶上之势头滴,40
chat_history_8.17 15：00-15_30_2025-08-17.txt,6,8.17 15：00-15:30,2025/08/17 15:08:02,ccj,male,你都说了隐隐有赶上势头,11
chat_history_8.17 15：00-15_30_2025-08-17.txt,6,8.17 15：00-15:30,2025/08/17 15:08:16,Lily,female,曼城上赛季有点止步不前了,12
chat_history_8.17 15：00-15_30_2025-08-17.txt,6,8.17 15：00-15:30,2025/08/17 15:08:21,ccj,male,说明同志仍需努力,8
chat_history_8.17 15：00-15_30_2025-08-17.txt,6,8.17 15：00-15:30,2025/08/17 15:08:27,Lily,female,出现了很多问题还是,9
chat_history_8.17 15：00-15_30_2025-08-17.txt,6,8.17 15：00-15:30,2025/08/17 15:08:28,ccj,male,哈哈哈哈,4
chat_history_8.17 15：00-15_30_2025-08-17.txt,6,8.17 15：00-15:30,2025/08/17 15:09:09,ccj,male,最近三年欧冠我们都踢曼城,12
chat_history_8.17 15：00-15_30_2025-08-17.txt,6,8.17 15：00-15:30,2025/08/17 15:09:17,ccj,male,我都有看直播,6
chat_history_8.17 15：00-15_30_2025-08-17.txt,6,8.17 15：00-15:30,2025/08/17 15:09:23,Steve,male,是的，本身我也踢球，上赛季踢的真的憋屈,19
chat_history_8.17 15：00-15_30_2025-08-17.txt,6,8.17 15：00-15:30,2025/08/17 15:09:27,ccj,male,你们的统治力直线下降,10
chat_history_8.17 15：00-15_30_2025-08-17.txt,6,8.17 15：00-15:30,2025/08/17 15:09:56,Steve,male,上赛季不是被你们横扫吗，服气的,15
chat_history_8.17 15：00-15_30_2025-08-17.txt,6,8.17 15：00-15:30,2025/08/17 15:10:11,Lily,female,so目前看来感觉还是巴萨比较稳定hhh,19
chat_history_8.17 15：00-15_30_2025-08-17.txt,6,8.17 15：00-15:30,2025/08/17 15:10:33,Steve,male,上赛季欧冠我也有看，姆巴佩帽子戏法，确实独领风骚,24
chat_history_8.17 15：00-15_30_2025-08-17.txt,6,8.17 15：00-15:30,2025/08/17 15:10:34,ccj,male,并非稳定,4
chat_history_8.17 15：00-15_30_2025-08-17.txt,6,8.17 15：00-15:30,2025/08/17 15:10:53,ccj,male,巴萨人才培养机制是需要周期的,14
chat_history_8.17 15：00-15_30_2025-08-17.txt,6,8.17 15：00-15:30,2025/08/17 15:11:11,ccj,male,需要沉寂几年才能王朝,10
chat_history_8.17 15：00-15_30_2025-08-17.txt,6,8.17 15：00-15:30,2025/08/17 15:11:31,Lily,female,但是王朝时期还是能持续比较久的,15
chat_history_8.17 15：00-15_30_2025-08-17.txt,6,8.17 15：00-15:30,2025/08/17 15:11:36,Steve,male,巴萨每年夏天都有注册问题，前几年用杠杆用未来成绩做抵押，熬过来，才那么顺利的,38
chat_history_8.17 15：00-15_30_2025-08-17.txt,6,8.17 15：00-15:30,2025/08/17 15:11:42,Lily,female,上赛季来说也是巴萨成绩最好,13
chat_history_8.17 15：00-15_30_2025-08-17.txt,6,8.17 15：00-15:30,2025/08/17 15:12:06,Lily,female,杠杆确实是个问题 巴托梅乌挖的坑,16
chat_history_8.17 15：00-15_30_2025-08-17.txt,6,8.17 15：00-15:30,2025/08/17 15:12:12,Steve,male,无可置疑的西甲冠军，还有欧冠决赛大家都一致认为巴萨打巴黎的,29
chat_history_8.17 15：00-15_30_2025-08-17.txt,6,8.17 15：00-15:30,2025/08/17 15:12:25,ccj,male,我没有说巴萨王朝了呀。你们还在上升期,18
chat_history_8.17 15：00-15_30_2025-08-17.txt,6,8.17 15：00-15:30,2025/08/17 15:12:37,ccj,male,亚马尔还在成长,7
chat_history_8.17 15：00-15_30_2025-08-17.txt,6,8.17 15：00-15:30,2025/08/17 15:12:43,Lily,female,我也没有说现在就是王朝了呀,13
chat_history_8.17 15：00-15_30_2025-08-17.txt,6,8.17 15：00-15:30,2025/08/17 15:13:01,ccj,male,哈哈哈哈,4
chat_history_8.17 15：00-15_30_2025-08-17.txt,6,8.17 15：00-15:30,2025/08/17 15:13:08,Lily,female,但是我看过的梦二三时期都还是具有比较强时间统治力的,25
chat_history_8.17 15：00-15_30_2025-08-17.txt,6,8.17 15：00-15:30,2025/08/17 15:13:10,Steve,male,我以前也喜欢巴萨，受我同学影响，内马尔走了之后和梅西之后，就只关注战绩不怎么看球赛了,42
chat_history_8.17 15：00-15_30_2025-08-17.txt,6,8.17 15：00-15:30,2025/08/17 15:13:52,ccj,male,害,1
chat_history_8.17 15：00-15_30_2025-08-17.txt,6,8.17 15：00-15:30,2025/08/17 15:14:00,Lily,female,巴萨挣扎了很长时间 弗里克来了之后才能算好起来吧,24
chat_history_8.17 15：00-15_30_2025-08-17.txt,6,8.17 15：00-15:30,2025/08/17 15:14:13,ccj,male,我们上个赛季确实烂,9
chat_history_8.17 15：00-15_30_2025-08-17.txt,6,8.17 15：00-15:30,2025/08/17 15:14:19,Steve,male,竞技体育，踢过球的人都知道统治力得有多重因素加持，所以很能明白球员们的难处,37
chat_history_8.17 15：00-15_30_2025-08-17.txt,6,8.17 15：00-15:30,2025/08/17 15:14:46,ccj,male,再尬吹又成底蕴警告了:-(,13
chat_history_8.17 15：00-15_30_2025-08-17.txt,6,8.17 15：00-15:30,2025/08/17 15:14:55,Lily,female,皇马的前场确实还是强,10
chat_history_8.17 15：00-15_30_2025-08-17.txt,6,8.17 15：00-15:30,2025/08/17 15:15:12,Steve,male,非常适配啊，赛季首场3比0马洛卡，让人看到亚马尔穿10号有加成一样,33
chat_history_8.17 15：00-15_30_2025-08-17.txt,6,8.17 15：00-15:30,2025/08/17 15:15:50,ccj,male,强个damn，熊自从金球奖没拿到，直接不会踢球了,24
chat_history_8.17 15：00-15_30_2025-08-17.txt,6,8.17 15：00-15:30,2025/08/17 15:16:00,Lily,female,尬吹一下hh,6
chat_history_8.17 15：00-15_30_2025-08-17.txt,6,8.17 15：00-15:30,2025/08/17 15:16:09,Steve,male,皇马前场好像句子之间的杂糅，都是个人能力很强的，但是配合老是差一些,33
chat_history_8.17 15：00-15_30_2025-08-17.txt,6,8.17 15：00-15:30,2025/08/17 15:16:09,Lily,female,贝林感觉上赛季状态也没那么好了,15
chat_history_8.17 15：00-15_30_2025-08-17.txt,6,8.17 15：00-15:30,2025/08/17 15:16:22,Lily,female,上上赛季总能绝杀,8
chat_history_8.17 15：00-15_30_2025-08-17.txt,6,8.17 15：00-15:30,2025/08/17 15:16:40,Lily,female,皇马感觉有很多球员之间的问题,14
chat_history_8.17 15：00-15_30_2025-08-17.txt,6,8.17 15：00-15:30,2025/08/17 15:16:52,Steve,male,jude是不是有肩伤问题，这个夏天去做手术了,22
chat_history_8.17 15：00-15_30_2025-08-17.txt,6,8.17 15：00-15:30,2025/08/17 15:17:13,ccj,male,yes,3
chat_history_8.17 15：00-15_30_2025-08-17.txt,6,8.17 15：00-15:30,2025/08/17 15:17:14,Steve,male,阿隆索上任，看看能不能整治成功吧,16
chat_history_8.17 15：00-15_30_2025-08-17.txt,6,8.17 15：00-15:30,2025/08/17 15:17:35,ccj,male,都有吧，你们特狮也,9
chat_history_8.17 15：00-15_30_2025-08-17.txt,6,8.17 15：00-15:30,2025/08/17 15:17:56,ccj,male,不过我觉得是巴萨管理层问题，包括之前德容,20
chat_history_8.17 15：00-15_30_2025-08-17.txt,6,8.17 15：00-15:30,2025/08/17 15:17:59,Lily,female,特🦁确实,4
chat_history_8.17 15：00-15_30_2025-08-17.txt,6,8.17 15：00-15:30,2025/08/17 15:18:14,Lily,female,现在管理层感觉虽然总有问题,13
chat_history_8.17 15：00-15_30_2025-08-17.txt,6,8.17 15：00-15:30,2025/08/17 15:18:20,Lily,female,但不是巴托梅乌那种问题,11
chat_history_8.17 15：00-15_30_2025-08-17.txt,6,8.17 15：00-15:30,2025/08/17 15:18:29,Lily,female,清洗球员什么的可能很难看,12
chat_history_8.17 15：00-15_30_2025-08-17.txt,6,8.17 15：00-15:30,2025/08/17 15:18:37,Lily,female,但也是为了俱乐部长远发展,12
chat_history_8.17 15：00-15_30_2025-08-17.txt,6,8.17 15：00-15:30,2025/08/17 15:18:39,Steve,male,巴萨总体营收和战绩确实是肉眼可见慢慢上升的,21
chat_history_8.17 15：00-15_30_2025-08-17.txt,6,8.17 15：00-15:30,2025/08/17 15:18:47,Lily,female,活着最重要,5
chat_history_8.17 15：00-15_30_2025-08-17.txt,6,8.17 15：00-15:30,2025/08/17 15:19:08,Lily,female,对于总看中超的球迷来说活着真的最重要,18
chat_history_8.17 15：00-15_30_2025-08-17.txt,6,8.17 15：00-15:30,2025/08/17 15:19:16,ccj,male,亲眼见证曼城球迷倒戈,10
chat_history_8.17 15：00-15_30_2025-08-17.txt,6,8.17 15：00-15:30,2025/08/17 15:19:17,Steve,male,就是看俱乐部和球迷的预期是什么了，三冠王的话，还有一段路，这赛季的目标首先可能是卫冕,42
chat_history_8.17 15：00-15_30_2025-08-17.txt,6,8.17 15：00-15:30,2025/08/17 15:19:23,Lily,female,哈哈哈哈哈哈哈哈,8
chat_history_8.17 15：00-15_30_2025-08-17.txt,6,8.17 15：00-15:30,2025/08/17 15:19:35,Lily,female,曼城本来就和巴萨足球哲学比较相近,16
chat_history_8.17 15：00-15_30_2025-08-17.txt,6,8.17 15：00-15:30,2025/08/17 15:19:50,Lily,female,我感觉看了很久很久的巴萨球迷其实无所谓,19
chat_history_8.17 15：00-15_30_2025-08-17.txt,6,8.17 15：00-15:30,2025/08/17 15:19:56,Lily,female,如果不是成绩球迷的话,10
chat_history_8.17 15：00-15_30_2025-08-17.txt,6,8.17 15：00-15:30,2025/08/17 15:19:56,ccj,male,曼城没有哲学,6
chat_history_8.17 15：00-15_30_2025-08-17.txt,6,8.17 15：00-15:30,2025/08/17 15:20:03,Steve,male,哈哈哈哈没倒戈，纯理性派,12
chat_history_8.17 15：00-15_30_2025-08-17.txt,6,8.17 15：00-15:30,2025/08/17 15:20:04,ccj,male,是瓜迪奥拉带来的,8
chat_history_8.17 15：00-15_30_2025-08-17.txt,6,8.17 15：00-15:30,2025/08/17 15:20:17,Lily,female,教练很重要,5
chat_history_8.17 15：00-15_30_2025-08-17.txt,6,8.17 15：00-15:30,2025/08/17 15:20:23,Lily,female,会注入哲学,5
chat_history_8.17 15：00-15_30_2025-08-17.txt,6,8.17 15：00-15:30,2025/08/17 15:20:42,Lily,female,比如tedlasso,10
chat_history_8.17 15：00-15_30_2025-08-17.txt,6,8.17 15：00-15:30,2025/08/17 15:20:57,Steve,male,是啊，以前14-15，15-16赛季开始看球，总觉得差一口气，战绩上,34
chat_history_8.17 15：00-15_30_2025-08-17.txt,6,8.17 15：00-15:30,2025/08/17 15:21:12,Lily,female,你那么早就开始看曼城了吗,12
chat_history_8.17 15：00-15_30_2025-08-17.txt,6,8.17 15：00-15:30,2025/08/17 15:21:13,Steve,male,tedlasso电视剧吗，第三季真的好看,20
chat_history_8.17 15：00-15_30_2025-08-17.txt,6,8.17 15：00-15:30,2025/08/17 15:21:14,ccj,male,包括西班牙的阿拉贡内斯和德拉富恩特，都是非常好的教练,26
chat_history_8.17 15：00-15_30_2025-08-17.txt,6,8.17 15：00-15:30,2025/08/17 15:21:23,Lily,female,对！！,3
chat_history_8.17 15：00-15_30_2025-08-17.txt,6,8.17 15：00-15:30,2025/08/17 15:21:27,ccj,male,要出结果拉,5
chat_history_8.17 15：00-15_30_2025-08-17.txt,6,8.17 15：00-15:30,2025/08/17 15:21:29,Lily,female,tedlasso太治愈了,12
chat_history_8.17 15：00-15_30_2025-08-17.txt,6,8.17 15：00-15:30,2025/08/17 15:21:31,Steve,male,是的，10年曼城球迷了,11
chat_history_8.17 15：00-15_30_2025-08-17.txt,6,8.17 15：00-15:30,2025/08/17 15:21:39,Lily,female,哈哈哈哈哈哈哈哈怎么得出结论,14
chat_history_8.17 15：00-15_30_2025-08-17.txt,6,8.17 15：00-15:30,2025/08/17 15:21:49,ccj,male,我们投国家队吧,7
chat_history_8.17 15：00-15_30_2025-08-17.txt,6,8.17 15：00-15:30,2025/08/17 15:21:57,Lily,female,笑死了,3
chat_history_8.17 15：00-15_30_2025-08-17.txt,6,8.17 15：00-15:30,2025/08/17 15:22:03,Lily,female,中国男足yyds,8
chat_history_8.17 15：00-15_30_2025-08-17.txt,6,8.17 15：00-15:30,2025/08/17 15:22:04,Steve,male,我的结论就是曼城是best team of the land,30
chat_history_8.17 15：00-15_30_2025-08-17.txt,6,8.17 15：00-15:30,2025/08/17 15:22:17,Steve,male,蓝血人,3
chat_history_8.17 15：00-15_30_2025-08-17.txt,6,8.17 15：00-15:30,2025/08/17 15:22:19,ccj,male,你少了eng,6
chat_history_8.17 15：00-15_30_2025-08-17.txt,6,8.17 15：00-15:30,2025/08/17 15:22:26,ccj,male,哈哈哈哈,4
chat_history_8.17 15：00-15_30_2025-08-17.txt,6,8.17 15：00-15:30,2025/08/17 15:22:40,Lily,female,太困难了,4
chat_history_8.17 15：00-15_30_2025-08-17.txt,6,8.17 15：00-15:30,2025/08/17 15:22:44,Steve,male,eng加哪,5
chat_history_8.17 15：00-15_30_2025-08-17.txt,6,8.17 15：00-15:30,2025/08/17 15:22:54,ccj,male,Land前面,6
chat_history_8.17 15：00-15_30_2025-08-17.txt,6,8.17 15：00-15:30,2025/08/17 15:23:03,ccj,male,哈哈哈哈,4
chat_history_8.17 15：00-15_30_2025-08-17.txt,6,8.17 15：00-15:30,2025/08/17 15:23:14,Lily,female,那我投切尔西一票,8
chat_history_8.17 15：00-15_30_2025-08-17.txt,6,8.17 15：00-15:30,2025/08/17 15:23:26,Steve,male,感谢大家理性的讨论,9
chat_history_8.17 15：00-15_30_2025-08-17.txt,6,8.17 15：00-15:30,2025/08/17 15:23:36,Steve,male,在哪里投,4
chat_history_8.17 15：00-15_30_2025-08-17.txt,6,8.17 15：00-15:30,2025/08/17 15:27:36,ccj,male,这个赛季我们会把失去的全部夺回来,16
chat_history_8.17 15：00-15_30_2025-08-17.txt,6,8.17 15：00-15:30,2025/08/17 15:27:40,ccj,male,哈哈哈哈,4
chat_history_8.17 15：30-16_00_2025-08-17.txt,7,8.17 15：30-16:00,2025/08/17 15:29:11,Lily,female,Okok,4
chat_history_8.17 15：30-16_00_2025-08-17.txt,7,8.17 15：30-16:00,2025/08/17 15:29:46,Lily,female,另外两个人在吗？,8
chat_history_8.17 15：30-16_00_2025-08-17.txt,7,8.17 15：30-16:00,2025/08/17 15:29:53,ccj,male,在的,2
chat_history_8.17 15：30-16_00_2025-08-17.txt,7,8.17 15：30-16:00,2025/08/17 15:30:14,Steve,male,个人认为曼联，利物浦，巴萨这三个从足球哲学上来说可以排第一,29
chat_history_8.17 15：30-16_00_2025-08-17.txt,7,8.17 15：30-16:00,2025/08/17 15:31:04,ccj,male,皇马，巴萨和拜仁，各有各的风格，但我还是更喜欢看我团的防反,29
chat_history_8.17 15：30-16_00_2025-08-17.txt,7,8.17 15：30-16:00,2025/08/17 15:31:19,Steve,male,足球哲学应该与成绩，与打法的观赏性无关,19
chat_history_8.17 15：30-16_00_2025-08-17.txt,7,8.17 15：30-16:00,2025/08/17 15:31:49,ccj,male,那你认为和什么相关呢,10
chat_history_8.17 15：30-16_00_2025-08-17.txt,7,8.17 15：30-16:00,2025/08/17 15:32:24,Steve,male,个人认为，从俱乐部角度来说，他的人文底蕴，一些做事的风格，才是足球哲学,35
chat_history_8.17 15：30-16_00_2025-08-17.txt,7,8.17 15：30-16:00,2025/08/17 15:32:38,Steve,male,即使一些球队成立时间比较短,13
chat_history_8.17 15：30-16_00_2025-08-17.txt,7,8.17 15：30-16:00,2025/08/17 15:32:50,ccj,male,你这让我联想到了若塔,10
chat_history_8.17 15：30-16_00_2025-08-17.txt,7,8.17 15：30-16:00,2025/08/17 15:33:02,Steve,male,他们也有自己的底蕴，这个底蕴我觉得不是只有老牌球队独有的,28
chat_history_8.17 15：30-16_00_2025-08-17.txt,7,8.17 15：30-16:00,2025/08/17 15:33:41,ccj,male,感觉足球哲学是一个比较广的定义，不如可以界定一下范围,26
chat_history_8.17 15：30-16_00_2025-08-17.txt,7,8.17 15：30-16:00,2025/08/17 15:33:56,Steve,male,是的，如果不做一个定义，很难去讨论,17
chat_history_8.17 15：30-16_00_2025-08-17.txt,7,8.17 15：30-16:00,2025/08/17 15:34:15,Lily,female,足球哲学可能一定程度上也是流动性的，和教练 管理层 以及各种因素都有关吧？,37
chat_history_8.17 15：30-16_00_2025-08-17.txt,7,8.17 15：30-16:00,2025/08/17 15:34:55,ccj,male,我想的有以下几个方面：技战术，人文底蕴,19
chat_history_8.17 15：30-16_00_2025-08-17.txt,7,8.17 15：30-16:00,2025/08/17 15:35:59,Steve,male,从我刚刚给出的定义来说，巴萨的哲学是扎实，拉马西亚青训一直都是全球第一，曼联和利物浦的哲学是铁血，两队都经历过低谷，但是两队都没有沉沦，都在不屈地奋斗,75
chat_history_8.17 15：30-16_00_2025-08-17.txt,7,8.17 15：30-16:00,2025/08/17 15:37:03,Lily,female,确实,2
chat_history_8.17 15：30-16_00_2025-08-17.txt,7,8.17 15：30-16:00,2025/08/17 15:37:30,ccj,male,那我觉得我团是视野,9
chat_history_8.17 15：30-16_00_2025-08-17.txt,7,8.17 15：30-16:00,2025/08/17 15:37:32,Steve,male,我之所以不选拜仁是因为拜仁在引援上是靠着自己德国第一的身份去吸血联赛其他球队，有一种资本压迫的感觉，并没有带动整个联赛的进步,62
chat_history_8.17 15：30-16_00_2025-08-17.txt,7,8.17 15：30-16:00,2025/08/17 15:37:41,ccj,male,赞同,2
chat_history_8.17 15：30-16_00_2025-08-17.txt,7,8.17 15：30-16:00,2025/08/17 15:37:45,Lily,female,但是不是得先讨论最好的球队？刚才人机说的问题是“最好的球队是哪个？他们有对应的足球哲学吗”,45
chat_history_8.17 15：30-16_00_2025-08-17.txt,7,8.17 15：30-16:00,2025/08/17 15:38:09,Lily,female,打错了好像,5
chat_history_8.17 15：30-16_00_2025-08-17.txt,7,8.17 15：30-16:00,2025/08/17 15:38:13,Steve,male,最好的球队需要讨论成绩，但是不只是成绩,19
chat_history_8.17 15：30-16_00_2025-08-17.txt,7,8.17 15：30-16:00,2025/08/17 15:39:05,Steve,male,我觉得可以先讨论哲学，然后再把入围的进行加入成绩的评估,27
chat_history_8.17 15：30-16_00_2025-08-17.txt,7,8.17 15：30-16:00,2025/08/17 15:39:22,Steve,male,我不选意甲也是因为电话门有道德污点,17
chat_history_8.17 15：30-16_00_2025-08-17.txt,7,8.17 15：30-16:00,2025/08/17 15:39:26,Lily,female,Okok,4
chat_history_8.17 15：30-16_00_2025-08-17.txt,7,8.17 15：30-16:00,2025/08/17 15:40:03,Lily,female,巴萨 曼联 利物浦 还有嘛？,14
chat_history_8.17 15：30-16_00_2025-08-17.txt,7,8.17 15：30-16:00,2025/08/17 15:40:16,Lily,female,皇马你们觉得呢,7
chat_history_8.17 15：30-16_00_2025-08-17.txt,7,8.17 15：30-16:00,2025/08/17 15:40:24,ccj,male,我还是支持皇马的,8
chat_history_8.17 15：30-16_00_2025-08-17.txt,7,8.17 15：30-16:00,2025/08/17 15:40:41,Steve,male,皇马的话如果弗洛伦蒂诺未来继续做阿诺德这种方式的引援我觉得也是有道德污点的,37
chat_history_8.17 15：30-16_00_2025-08-17.txt,7,8.17 15：30-16:00,2025/08/17 15:40:58,Steve,male,如果说偶尔为之那我觉得问题不大,15
chat_history_8.17 15：30-16_00_2025-08-17.txt,7,8.17 15：30-16:00,2025/08/17 15:41:30,ccj,male,那按照这个标准每一家俱乐部都有问题了吧（笑哭）,23
chat_history_8.17 15：30-16_00_2025-08-17.txt,7,8.17 15：30-16:00,2025/08/17 15:41:58,ccj,male,或多或少都有些不让对方或者其他队不悦的事情发生,23
chat_history_8.17 15：30-16_00_2025-08-17.txt,7,8.17 15：30-16:00,2025/08/17 15:42:04,Steve,male,阿诺德这笔引援的问题在他撺掇球员搞两面派,20
chat_history_8.17 15：30-16_00_2025-08-17.txt,7,8.17 15：30-16:00,2025/08/17 15:42:26,ccj,male,那伊萨克怎么说呢,8
chat_history_8.17 15：30-16_00_2025-08-17.txt,7,8.17 15：30-16:00,2025/08/17 15:42:37,Steve,male,利物浦没撺掇伊萨克,9
chat_history_8.17 15：30-16_00_2025-08-17.txt,7,8.17 15：30-16:00,2025/08/17 15:42:56,Steve,male,利物浦是先接触俱乐部再接触球员的,16
chat_history_8.17 15：30-16_00_2025-08-17.txt,7,8.17 15：30-16:00,2025/08/17 15:43:10,Steve,male,包括格伊也是,6
chat_history_8.17 15：30-16_00_2025-08-17.txt,7,8.17 15：30-16:00,2025/08/17 15:43:19,Steve,male,先接触球员可以,7
chat_history_8.17 15：30-16_00_2025-08-17.txt,7,8.17 15：30-16:00,2025/08/17 15:43:48,Lily,female,感觉这是属于使坏的小操作 谈不上污点吧,19
chat_history_8.17 15：30-16_00_2025-08-17.txt,7,8.17 15：30-16:00,2025/08/17 15:44:20,Steve,male,算是一个扣分项吧,8
chat_history_8.17 15：30-16_00_2025-08-17.txt,7,8.17 15：30-16:00,2025/08/17 15:44:36,Steve,male,本来我觉得就是英超双红vs西甲双雄,17
chat_history_8.17 15：30-16_00_2025-08-17.txt,7,8.17 15：30-16:00,2025/08/17 15:45:30,Lily,female,那就从这4个里决出吧,10
chat_history_8.17 15：30-16_00_2025-08-17.txt,7,8.17 15：30-16:00,2025/08/17 15:45:30,Steve,male,就像大家都是一百分，你考九十九，那不是说你不优秀，但是你确实落了下风,34
chat_history_8.17 15：30-16_00_2025-08-17.txt,7,8.17 15：30-16:00,2025/08/17 15:45:57,ccj,male,我初步是选皇萨米的,9
chat_history_8.17 15：30-16_00_2025-08-17.txt,7,8.17 15：30-16:00,2025/08/17 15:46:21,Steve,male,我推英超双红,6
chat_history_8.17 15：30-16_00_2025-08-17.txt,7,8.17 15：30-16:00,2025/08/17 15:46:45,Lily,female,我还是有点犹豫 皇萨吧,11
chat_history_8.17 16：00-16_30_2025-08-17.txt,8,8.17 16：00-16:30,2025/08/17 16:00:13,Lily,female,11我是椰子树_切尔西,11
chat_history_8.17 16：00-16_30_2025-08-17.txt,8,8.17 16：00-16:30,2025/08/17 16:00:28,Steve,male,我是慕捷君巴黎圣日耳曼,11
chat_history_8.17 16：00-16_30_2025-08-17.txt,8,8.17 16：00-16:30,2025/08/17 16:01:36,Lily,female,咱们组还有一个人是哪个队球迷来着？,17
chat_history_8.17 16：00-16_30_2025-08-17.txt,8,8.17 16：00-16:30,2025/08/17 16:01:44,Lily,female,皇马,2
chat_history_8.17 16：00-16_30_2025-08-17.txt,8,8.17 16：00-16:30,2025/08/17 16:01:59,ccj,male,是的,2
chat_history_8.17 16：00-16_30_2025-08-17.txt,8,8.17 16：00-16:30,2025/08/17 16:02:14,Lily,female,有皇马怎么玩儿呀。。。但是我还是觉得切尔西是全世界最好的球队,30
chat_history_8.17 16：00-16_30_2025-08-17.txt,8,8.17 16：00-16:30,2025/08/17 16:03:25,Lily,female,真的有巴黎球迷，宝你是什么时候喜欢上大巴黎的呀,23
chat_history_8.17 16：00-16_30_2025-08-17.txt,8,8.17 16：00-16:30,2025/08/17 16:03:48,ccj,male,切尔西虽然拿了世俱杯冠军  但是我还是支持皇马,23
chat_history_8.17 16：00-16_30_2025-08-17.txt,8,8.17 16：00-16:30,2025/08/17 16:04:06,Steve,male,要是只按现在来说的话都有资格成为最好的球队,21
chat_history_8.17 16：00-16_30_2025-08-17.txt,8,8.17 16：00-16:30,2025/08/17 16:04:07,ccj,male,大巴黎落寞了,6
chat_history_8.17 16：00-16_30_2025-08-17.txt,8,8.17 16：00-16:30,2025/08/17 16:04:18,Steve,male,17年就喜欢了,7
chat_history_8.17 16：00-16_30_2025-08-17.txt,8,8.17 16：00-16:30,2025/08/17 16:04:32,Lily,female,要是按现在说的话，咱们仨的球队就是欧洲前三,21
chat_history_8.17 16：00-16_30_2025-08-17.txt,8,8.17 16：00-16:30,2025/08/17 16:04:39,Lily,female,哇哦好早,4
chat_history_8.17 16：00-16_30_2025-08-17.txt,8,8.17 16：00-16:30,2025/08/17 16:04:50,Lily,female,那你真的看法甲吗，法甲时间那么阴间,17
chat_history_8.17 16：00-16_30_2025-08-17.txt,8,8.17 16：00-16:30,2025/08/17 16:05:18,Steve,male,有时候看,4
chat_history_8.17 16：00-16_30_2025-08-17.txt,8,8.17 16：00-16:30,2025/08/17 16:05:50,ccj,male,法甲不精彩呀,6
chat_history_8.17 16：00-16_30_2025-08-17.txt,8,8.17 16：00-16:30,2025/08/17 16:05:56,Lily,female,其实西甲的时间也很阴间哈哈哈，那从这点上还是英超比较好，切尔西秒了,33
chat_history_8.17 16：00-16_30_2025-08-17.txt,8,8.17 16：00-16:30,2025/08/17 16:06:06,ccj,male,之前梅西 姆巴佩在大巴黎的时候我经常看的,20
chat_history_8.17 16：00-16_30_2025-08-17.txt,8,8.17 16：00-16:30,2025/08/17 16:06:07,Lily,female,真的，你看法甲不会有一种独孤求败的感觉吗？,21
chat_history_8.17 16：00-16_30_2025-08-17.txt,8,8.17 16：00-16:30,2025/08/17 16:06:09,Steve,male,是啊，法国的联赛一直搞不起来,14
chat_history_8.17 16：00-16_30_2025-08-17.txt,8,8.17 16：00-16:30,2025/08/17 16:06:41,Lily,female,这ai机器人也不说话，我还以为他会辅助聊天的,22
chat_history_8.17 16：00-16_30_2025-08-17.txt,8,8.17 16：00-16:30,2025/08/17 16:07:06,Steve,male,是到一段时间之后才加入我们,13
chat_history_8.17 16：00-16_30_2025-08-17.txt,8,8.17 16：00-16:30,2025/08/17 16:07:16,Lily,female,原来如此,4
chat_history_8.17 16：00-16_30_2025-08-17.txt,8,8.17 16：00-16:30,2025/08/17 16:07:21,ccj,male,这一段AI机器人只是辅助,12
chat_history_8.17 16：00-16_30_2025-08-17.txt,8,8.17 16：00-16:30,2025/08/17 16:07:25,ccj,male,只是记录,4
chat_history_8.17 16：00-16_30_2025-08-17.txt,8,8.17 16：00-16:30,2025/08/17 16:07:41,Lily,female,其实感觉这个机器人挺有搞头的，要不微信球迷群里动不动就大吵特吵,31
chat_history_8.17 16：00-16_30_2025-08-17.txt,8,8.17 16：00-16:30,2025/08/17 16:07:57,ccj,male,哈哈,2
chat_history_8.17 16：00-16_30_2025-08-17.txt,8,8.17 16：00-16:30,2025/08/17 16:08:04,Lily,female,你俩好拘束啊，咱们三个的主队居然没有吵起来,21
chat_history_8.17 16：00-16_30_2025-08-17.txt,8,8.17 16：00-16:30,2025/08/17 16:08:26,ccj,male,那要吵起来吗,6
chat_history_8.17 16：00-16_30_2025-08-17.txt,8,8.17 16：00-16:30,2025/08/17 16:08:43,Steve,male,吵架没意思😐,6
chat_history_8.17 16：00-16_30_2025-08-17.txt,8,8.17 16：00-16:30,2025/08/17 16:08:58,Lily,female,那你们俩说服我呀，难道轻而易举就被我说服了吗？,23
chat_history_8.17 16：00-16_30_2025-08-17.txt,8,8.17 16：00-16:30,2025/08/17 16:09:38,ccj,male,来支持皇马吧  历史底蕴最强,14
chat_history_8.17 16：00-16_30_2025-08-17.txt,8,8.17 16：00-16:30,2025/08/17 16:09:43,Lily,female,其实粉切尔西真的蛮好的，首先比赛很好看，其次有成绩，再其次没有成绩也不会太难过哈哈哈哈,43
chat_history_8.17 16：00-16_30_2025-08-17.txt,8,8.17 16：00-16:30,2025/08/17 16:09:44,Steve,male,现在我们才是最强的,9
chat_history_8.17 16：00-16_30_2025-08-17.txt,8,8.17 16：00-16:30,2025/08/17 16:10:12,Lily,female,但是皇马球迷难道不会丢联赛冠军或者丢欧冠就很失望吗，你们每个赛季开始的期待都那么高,41
chat_history_8.17 16：00-16_30_2025-08-17.txt,8,8.17 16：00-16:30,2025/08/17 16:10:33,ccj,male,已经过了失望的年纪了,10
chat_history_8.17 16：00-16_30_2025-08-17.txt,8,8.17 16：00-16:30,2025/08/17 16:10:39,Steve,male,我们几乎每年都有冠军,10
chat_history_8.17 16：00-16_30_2025-08-17.txt,8,8.17 16：00-16:30,2025/08/17 16:10:46,ccj,male,反正皇马就是历史最强,10
chat_history_8.17 16：00-16_30_2025-08-17.txt,8,8.17 16：00-16:30,2025/08/17 16:11:08,Steve,male,再过一百年的话说不定,10
chat_history_8.17 16：00-16_30_2025-08-17.txt,8,8.17 16：00-16:30,2025/08/17 16:11:13,ccj,male,法甲强度太低了,7
chat_history_8.17 16：00-16_30_2025-08-17.txt,8,8.17 16：00-16:30,2025/08/17 16:11:14,Lily,female,大巴黎的话是今年打发开始变好看的，之前踢的好丑陋，然后大球星在的时候疯狂吵架,38
chat_history_8.17 16：00-16_30_2025-08-17.txt,8,8.17 16：00-16:30,2025/08/17 16:11:24,ccj,male,是的,2
chat_history_8.17 16：00-16_30_2025-08-17.txt,8,8.17 16：00-16:30,2025/08/17 16:11:36,Steve,male,主教练不会用球星,8
chat_history_8.17 16：00-16_30_2025-08-17.txt,8,8.17 16：00-16:30,2025/08/17 16:11:44,Lily,female,法甲和意甲联赛现在没,10
chat_history_8.17 16：00-16_30_2025-08-17.txt,8,8.17 16：00-16:30,2025/08/17 16:11:53,Lily,female,法看呀,3
chat_history_8.17 16：00-16_30_2025-08-17.txt,8,8.17 16：00-16:30,2025/08/17 16:11:59,Steve,male,之前我就很喜欢恩里克的风格,13
chat_history_8.17 16：00-16_30_2025-08-17.txt,8,8.17 16：00-16:30,2025/08/17 16:12:05,Lily,female,恩里克确实有意思,8
chat_history_8.17 16：00-16_30_2025-08-17.txt,8,8.17 16：00-16:30,2025/08/17 16:12:19,Lily,female,球迷爽爽的,5
chat_history_8.17 16：00-16_30_2025-08-17.txt,8,8.17 16：00-16:30,2025/08/17 16:12:27,Steve,male,马雷斯卡也不错,7
chat_history_8.17 16：00-16_30_2025-08-17.txt,8,8.17 16：00-16:30,2025/08/17 16:13:21,Lily,female,唉也只能凑合用了现在，也没法开除了拿了一个冠军，而且现在市面上也没有什么好教练,39
chat_history_8.17 16：00-16_30_2025-08-17.txt,8,8.17 16：00-16:30,2025/08/17 16:13:34,ccj,male,是的,2
chat_history_8.17 16：00-16_30_2025-08-17.txt,8,8.17 16：00-16:30,2025/08/17 16:13:49,Steve,male,教练是很稀缺的,7
chat_history_8.17 16：00-16_30_2025-08-17.txt,8,8.17 16：00-16:30,2025/08/17 16:14:04,Lily,female,如果也喜欢法国队的话可以来看一下切尔西哟，切尔西法国球员还挺多的,32
chat_history_8.17 16：00-16_30_2025-08-17.txt,8,8.17 16：00-16:30,2025/08/17 16:14:13,ccj,male,666,3
chat_history_8.17 16：00-16_30_2025-08-17.txt,8,8.17 16：00-16:30,2025/08/17 16:14:17,Steve,male,我喜欢西班牙🇪🇸,8
chat_history_8.17 16：00-16_30_2025-08-17.txt,8,8.17 16：00-16:30,2025/08/17 16:14:22,Lily,female,说不定过几年兰帕德又回来了,13
chat_history_8.17 16：00-16_30_2025-08-17.txt,8,8.17 16：00-16:30,2025/08/17 16:14:29,Lily,female,哭,1
chat_history_8.17 16：00-16_30_2025-08-17.txt,8,8.17 16：00-16:30,2025/08/17 16:14:35,Lily,female,那好吧,3
chat_history_8.17 16：00-16_30_2025-08-17.txt,8,8.17 16：00-16:30,2025/08/17 16:14:37,ccj,male,还是喜欢姆巴佩,7
chat_history_8.17 16：00-16_30_2025-08-17.txt,8,8.17 16：00-16:30,2025/08/17 16:15:07,ccj,male,姆巴佩对于皇马  最强助力,13
chat_history_8.17 16：00-16_30_2025-08-17.txt,8,8.17 16：00-16:30,2025/08/17 16:15:10,Lily,female,采访一下登贝莱要拿金球了什么感觉,16
chat_history_8.17 16：00-16_30_2025-08-17.txt,8,8.17 16：00-16:30,2025/08/17 16:15:16,Lily,female,别闹,2
chat_history_8.17 16：00-16_30_2025-08-17.txt,8,8.17 16：00-16:30,2025/08/17 16:15:20,Steve,male,无感,2
chat_history_8.17 16：00-16_30_2025-08-17.txt,8,8.17 16：00-16:30,2025/08/17 16:15:25,Lily,female,我也看皇马比赛,7
chat_history_8.17 16：00-16_30_2025-08-17.txt,8,8.17 16：00-16:30,2025/08/17 16:15:30,Steve,male,我不喜欢登贝莱,7
chat_history_8.17 16：00-16_30_2025-08-17.txt,8,8.17 16：00-16:30,2025/08/17 16:15:53,Lily,female,啊啊啊啊啊,5
chat_history_8.17 16：00-16_30_2025-08-17.txt,8,8.17 16：00-16:30,2025/08/17 16:16:02,Steve,male,没想到最讨厌的却表现的最好,13
chat_history_8.17 16：00-16_30_2025-08-17.txt,8,8.17 16：00-16:30,2025/08/17 16:16:09,Lily,female,真的是队迷发言了,8
chat_history_8.17 16：00-16_30_2025-08-17.txt,8,8.17 16：00-16:30,2025/08/17 16:16:17,Lily,female,命,1
chat_history_8.17 16：00-16_30_2025-08-17.txt,8,8.17 16：00-16:30,2025/08/17 16:16:23,Lily,female,死登子命真好,6
chat_history_8.17 16：00-16_30_2025-08-17.txt,8,8.17 16：00-16:30,2025/08/17 16:16:33,Lily,female,有没有人想选切尔西呀,10
chat_history_8.17 16：00-16_30_2025-08-17.txt,8,8.17 16：00-16:30,2025/08/17 16:16:33,Steve,male,9494,4
chat_history_8.17 16：00-16_30_2025-08-17.txt,8,8.17 16：00-16:30,2025/08/17 16:16:40,ccj,male,可以选,3
chat_history_8.17 16：00-16_30_2025-08-17.txt,8,8.17 16：00-16:30,2025/08/17 16:16:44,Lily,female,谁偷摸不看两场英超,9
chat_history_8.17 16：00-16_30_2025-08-17.txt,8,8.17 16：00-16:30,2025/08/17 16:16:49,Lily,female,选一下吧,4
chat_history_8.17 16：00-16_30_2025-08-17.txt,8,8.17 16：00-16:30,2025/08/17 16:16:50,Steve,male,也不是不行,5
chat_history_8.17 16：00-16_30_2025-08-17.txt,8,8.17 16：00-16:30,2025/08/17 16:17:04,Steve,male,英超好看,4
chat_history_8.17 16：00-16_30_2025-08-17.txt,8,8.17 16：00-16:30,2025/08/17 16:17:16,Lily,female,谢谢二位哈哈哈哈哈哈,10
chat_history_8.17 16：00-16_30_2025-08-17.txt,8,8.17 16：00-16:30,2025/08/17 16:17:21,ccj,male,哈哈哈,3
chat_history_8.17 16：00-16_30_2025-08-17.txt,8,8.17 16：00-16:30,2025/08/17 16:17:31,Lily,female,祝皇马拿欧冠大巴黎拿金球,12
chat_history_8.17 16：30-17_00_2025-08-17.txt,9,8.17 16：30-17:00,2025/08/17 16:26:59,Zack,male,皇家马德里毋庸置疑,9
chat_history_8.17 16：30-17_00_2025-08-17.txt,9,8.17 16：30-17:00,2025/08/17 16:27:30,Steve,male,虽然我是曼城粉丝 但我觉得皇马确实是世界上最好的球队,26
chat_history_8.17 16：30-17_00_2025-08-17.txt,9,8.17 16：30-17:00,2025/08/17 16:27:43,Steve,male,因为是欧冠之王,7
chat_history_8.17 16：30-17_00_2025-08-17.txt,9,8.17 16：30-17:00,2025/08/17 16:27:54,Zack,male,倒不是单纯奖杯的考虑,10
chat_history_8.17 16：30-17_00_2025-08-17.txt,9,8.17 16：30-17:00,2025/08/17 16:28:08,Zack,male,最近10-20年被巴萨干的有点惨,16
chat_history_8.17 16：30-17_00_2025-08-17.txt,9,8.17 16：30-17:00,2025/08/17 16:28:08,Lily,female,纯成绩考虑是这样，，,10
chat_history_8.17 16：30-17_00_2025-08-17.txt,9,8.17 16：30-17:00,2025/08/17 16:28:43,Zack,male,但是综合俱乐部的历史、经营状况、社交媒体影响力、甚至政治影响力,31
chat_history_8.17 16：30-17_00_2025-08-17.txt,9,8.17 16：30-17:00,2025/08/17 16:28:56,Steve,male,曼城每年欧冠都过不了皇马这一关hhh 除了王朝的那年,26
chat_history_8.17 16：30-17_00_2025-08-17.txt,9,8.17 16：30-17:00,2025/08/17 16:29:04,Lily,female,其实我很好奇皇马球迷对主队这个足球哲学/精神方面的思考,27
chat_history_8.17 16：30-17_00_2025-08-17.txt,9,8.17 16：30-17:00,2025/08/17 16:29:04,Zack,male,哈哈哈哈,4
chat_history_8.17 16：30-17_00_2025-08-17.txt,9,8.17 16：30-17:00,2025/08/17 16:29:21,Zack,male,我正好暑假去了趟伯纳乌,11
chat_history_8.17 16：30-17_00_2025-08-17.txt,9,8.17 16：30-17:00,2025/08/17 16:29:24,Zack,male,怎么说呢,4
chat_history_8.17 16：30-17_00_2025-08-17.txt,9,8.17 16：30-17:00,2025/08/17 16:30:24,Zack,male,皇马最近这几年展现出来的足球哲学就是一种上位者心态，无论落后还是领先，以及俱乐部的一些行为，都很稳健,50
chat_history_8.17 16：30-17_00_2025-08-17.txt,9,8.17 16：30-17:00,2025/08/17 16:30:26,Lily,female,难以推荐自己主队是因为最近夏窗交易比较弱智。,22
chat_history_8.17 16：30-17_00_2025-08-17.txt,9,8.17 16：30-17:00,2025/08/17 16:30:46,Steve,male,从非主队视角看皇马是很有韧性的,15
chat_history_8.17 16：30-17_00_2025-08-17.txt,9,8.17 16：30-17:00,2025/08/17 16:30:52,Zack,male,从赛场上说叫有颗大心脏,11
chat_history_8.17 16：30-17_00_2025-08-17.txt,9,8.17 16：30-17:00,2025/08/17 16:31:26,Zack,male,从整体俱乐部的感受来说就是这不只是一家足球俱乐部，它更像是西班牙在足球这个层面推出来的一个旗帜,47
chat_history_8.17 16：30-17_00_2025-08-17.txt,9,8.17 16：30-17:00,2025/08/17 16:31:46,Zack,male,说实话交易，皇马已经弱智好几年了,16
chat_history_8.17 16：30-17_00_2025-08-17.txt,9,8.17 16：30-17:00,2025/08/17 16:31:56,Zack,male,阿诺德什么玩意儿也签,10
chat_history_8.17 16：30-17_00_2025-08-17.txt,9,8.17 16：30-17:00,2025/08/17 16:31:59,Steve,male,曼城我觉得最大的缺陷是历史不够悠久 这几年有沙特财阀支持才成绩有所突破,35
chat_history_8.17 16：30-17_00_2025-08-17.txt,9,8.17 16：30-17:00,2025/08/17 16:32:12,Steve,male,底蕴无法和别的豪门抗衡,11
chat_history_8.17 16：30-17_00_2025-08-17.txt,9,8.17 16：30-17:00,2025/08/17 16:32:24,Zack,male,曼城其实可能就是祖上不够阔，导致全球的球迷和影响力不够,27
chat_history_8.17 16：30-17_00_2025-08-17.txt,9,8.17 16：30-17:00,2025/08/17 16:32:37,Zack,male,但是感觉国内这几年曼城因为成绩好吸粉很多,20
chat_history_8.17 16：30-17_00_2025-08-17.txt,9,8.17 16：30-17:00,2025/08/17 16:33:23,Zack,male,单纯竞技层面皇马这几年根本不敢吹第一,18
chat_history_8.17 16：30-17_00_2025-08-17.txt,9,8.17 16：30-17:00,2025/08/17 16:33:32,Zack,male,打拜仁还有点信心,8
chat_history_8.17 16：30-17_00_2025-08-17.txt,9,8.17 16：30-17:00,2025/08/17 16:33:47,Lily,female,笑得，，是事实。,8
chat_history_8.17 16：30-17_00_2025-08-17.txt,9,8.17 16：30-17:00,2025/08/17 16:33:52,Zack,male,打曼城还有今年的利物浦巴黎，防线得被打成筛子,22
chat_history_8.17 16：30-17_00_2025-08-17.txt,9,8.17 16：30-17:00,2025/08/17 16:34:20,Lily,female,0人敢看现在拜仁慕尼黑的防线。,15
chat_history_8.17 16：30-17_00_2025-08-17.txt,9,8.17 16：30-17:00,2025/08/17 16:34:30,Zack,male,但是奥利塞真强啊,8
chat_history_8.17 16：30-17_00_2025-08-17.txt,9,8.17 16：30-17:00,2025/08/17 16:34:36,Zack,male,馋,1
chat_history_8.17 16：30-17_00_2025-08-17.txt,9,8.17 16：30-17:00,2025/08/17 16:34:45,Zack,male,凯恩给皇马多好哈哈哈哈,11
chat_history_8.17 16：30-17_00_2025-08-17.txt,9,8.17 16：30-17:00,2025/08/17 16:34:51,Steve,male,曼城自从罗德里伤了之后防线一直不行。。进攻也一坨,24
chat_history_8.17 16：30-17_00_2025-08-17.txt,9,8.17 16：30-17:00,2025/08/17 16:34:57,Zack,male,怎么说呢,4
chat_history_8.17 16：30-17_00_2025-08-17.txt,9,8.17 16：30-17:00,2025/08/17 16:35:01,Steve,male,但是夏窗引进来的都还不错,12
chat_history_8.17 16：30-17_00_2025-08-17.txt,9,8.17 16：30-17:00,2025/08/17 16:35:04,Zack,male,曼城这只俱乐部没有恶意,11
chat_history_8.17 16：30-17_00_2025-08-17.txt,9,8.17 16：30-17:00,2025/08/17 16:35:20,Zack,male,但是对瓜迪奥拉满满的恶意,12
chat_history_8.17 16：30-17_00_2025-08-17.txt,9,8.17 16：30-17:00,2025/08/17 16:35:22,Zack,male,哈哈哈哈哈,5
chat_history_8.17 16：30-17_00_2025-08-17.txt,9,8.17 16：30-17:00,2025/08/17 16:35:28,Zack,male,不爱他的打法,6
chat_history_8.17 16：30-17_00_2025-08-17.txt,9,8.17 16：30-17:00,2025/08/17 16:35:38,Steve,male,哈哈哈哈哈 瓜迪奥拉不也执教过拜仁,17
chat_history_8.17 16：30-17_00_2025-08-17.txt,9,8.17 16：30-17:00,2025/08/17 16:35:49,Lily,female,我靠受不了了,6
chat_history_8.17 16：30-17_00_2025-08-17.txt,9,8.17 16：30-17:00,2025/08/17 16:35:54,Lily,female,别提这个。,5
chat_history_8.17 16：30-17_00_2025-08-17.txt,9,8.17 16：30-17:00,2025/08/17 16:35:57,Zack,male,真的,2
chat_history_8.17 16：30-17_00_2025-08-17.txt,9,8.17 16：30-17:00,2025/08/17 16:36:12,Zack,male,他当年有哈白布加梅西,10
chat_history_8.17 16：30-17_00_2025-08-17.txt,9,8.17 16：30-17:00,2025/08/17 16:36:31,Zack,male,或者说巴萨十一人都有能力贯彻他的战术哲学,20
chat_history_8.17 16：30-17_00_2025-08-17.txt,9,8.17 16：30-17:00,2025/08/17 16:36:34,Steve,male,上赛季观感就是他临场指挥真的不行 得靠球员灵光一现才能进球,29
chat_history_8.17 16：30-17_00_2025-08-17.txt,9,8.17 16：30-17:00,2025/08/17 16:36:47,Zack,male,曼城他有德布劳内之类的,11
chat_history_8.17 16：30-17_00_2025-08-17.txt,9,8.17 16：30-17:00,2025/08/17 16:36:53,Zack,male,打联赛很稳,5
chat_history_8.17 16：30-17_00_2025-08-17.txt,9,8.17 16：30-17:00,2025/08/17 16:37:06,Zack,male,到杯赛,3
chat_history_8.17 16：30-17_00_2025-08-17.txt,9,8.17 16：30-17:00,2025/08/17 16:37:24,Zack,male,低位防守和抓攻防转换时机,12
chat_history_8.17 16：30-17_00_2025-08-17.txt,9,8.17 16：30-17:00,2025/08/17 16:37:40,Zack,male,他的球队看上去就没有那个统治力，还让人昏昏欲睡,23
chat_history_8.17 16：30-17_00_2025-08-17.txt,9,8.17 16：30-17:00,2025/08/17 16:38:18,Steve,male,是的 上赛季经常晚上看比赛都快睡着了 还不如去看利物浦甚至曼联,31
chat_history_8.17 16：30-17_00_2025-08-17.txt,9,8.17 16：30-17:00,2025/08/17 16:38:22,Steve,male,起码踢得更有意思,8
chat_history_8.17 16：30-17_00_2025-08-17.txt,9,8.17 16：30-17:00,2025/08/17 16:38:24,Lily,female,瓜和烙饼完完全全不适配，，他在的时候我第一次看拜仁的球想睡觉,30
chat_history_8.17 16：30-17_00_2025-08-17.txt,9,8.17 16：30-17:00,2025/08/17 16:39:11,Zack,male,所以回到那个问题足球哲学或者精神我感觉也说不出来皇马,26
chat_history_8.17 16：30-17_00_2025-08-17.txt,9,8.17 16：30-17:00,2025/08/17 16:39:16,Zack,male,拜仁是有的,5
chat_history_8.17 16：30-17_00_2025-08-17.txt,9,8.17 16：30-17:00,2025/08/17 16:39:19,Lily,female,虽然现在孔帕尼来了睡觉次数增多了。,17
chat_history_8.17 16：30-17_00_2025-08-17.txt,9,8.17 16：30-17:00,2025/08/17 16:39:36,Zack,male,德国队的立体进攻日耳曼战车那种压迫感,18
chat_history_8.17 16：30-17_00_2025-08-17.txt,9,8.17 16：30-17:00,2025/08/17 16:39:39,Lily,female,我队主要营销的不就是这个吗（）,15
chat_history_8.17 16：30-17_00_2025-08-17.txt,9,8.17 16：30-17:00,2025/08/17 16:39:42,Zack,male,拜仁是有的,5
chat_history_8.17 16：30-17_00_2025-08-17.txt,9,8.17 16：30-17:00,2025/08/17 16:39:44,Zack,male,哈哈哈哈,4
chat_history_8.17 16：30-17_00_2025-08-17.txt,9,8.17 16：30-17:00,2025/08/17 16:39:48,Zack,male,马竞铁血,4
chat_history_8.17 16：30-17_00_2025-08-17.txt,9,8.17 16：30-17:00,2025/08/17 16:39:53,Zack,male,利物浦摇滚,5
chat_history_8.17 16：30-17_00_2025-08-17.txt,9,8.17 16：30-17:00,2025/08/17 16:39:58,Zack,male,皇马好像真没有,7
chat_history_8.17 16：30-17_00_2025-08-17.txt,9,8.17 16：30-17:00,2025/08/17 16:40:07,Zack,male,就是创造奇迹？神经刀？,11
chat_history_8.17 16：30-17_00_2025-08-17.txt,9,8.17 16：30-17:00,2025/08/17 16:40:19,Zack,male,曼城土豪？,5
chat_history_8.17 16：30-17_00_2025-08-17.txt,9,8.17 16：30-17:00,2025/08/17 16:40:20,Lily,female,不管出现任何情况拜仁都会靠自己的一句miasanmia糊弄过去。,32
chat_history_8.17 16：30-17_00_2025-08-17.txt,9,8.17 16：30-17:00,2025/08/17 16:40:59,Steve,male,曼城我觉得绝大部分人都第一印象是壕吧哈哈哈,21
chat_history_8.17 16：30-17_00_2025-08-17.txt,9,8.17 16：30-17:00,2025/08/17 16:41:23,Zack,male,但是拜仁基本盘不也就是miasanmia嘛，只要这群人在拜仁就永远是顶级豪门,38
chat_history_8.17 16：30-17_00_2025-08-17.txt,9,8.17 16：30-17:00,2025/08/17 16:41:24,Steve,male,皇马我觉得就是一直不放弃 球员都比较有血性,21
chat_history_8.17 16：30-17_00_2025-08-17.txt,9,8.17 16：30-17:00,2025/08/17 16:41:35,Zack,male,说实话，拉莫斯走了莫德里奇走了,15
chat_history_8.17 16：30-17_00_2025-08-17.txt,9,8.17 16：30-17:00,2025/08/17 16:41:44,Zack,male,维尼修斯不是血性,8
chat_history_8.17 16：30-17_00_2025-08-17.txt,9,8.17 16：30-17:00,2025/08/17 16:41:51,Zack,male,纯纯脑子有问题,7
chat_history_8.17 16：30-17_00_2025-08-17.txt,9,8.17 16：30-17:00,2025/08/17 16:42:21,Steve,male,维尼修斯确实搞笑哈哈哈哈哈,13
chat_history_8.17 16：30-17_00_2025-08-17.txt,9,8.17 16：30-17:00,2025/08/17 16:42:49,Steve,male,我觉得成绩和底蕴层面皇马没问题,15
chat_history_8.17 16：30-17_00_2025-08-17.txt,9,8.17 16：30-17:00,2025/08/17 16:43:01,Zack,male,俺也觉得哈哈哈哈,8
chat_history_8.17 17：00-17_30_2025-08-17.txt,10,8.17 17：00-17:30,2025/08/17 16:49:40,Lily,female,这不对吧,4
chat_history_8.17 17：00-17_30_2025-08-17.txt,10,8.17 17：00-17:30,2025/08/17 16:50:00,Zack,male,不是三个人吗,6
chat_history_8.17 17：00-17_30_2025-08-17.txt,10,8.17 17：00-17:30,2025/08/17 16:50:08,Zack,male,还有个人吧,5
chat_history_8.17 17：00-17_30_2025-08-17.txt,10,8.17 17：00-17:30,2025/08/17 16:50:08,Lily,female,不好意思误触了,7
chat_history_8.17 17：00-17_30_2025-08-17.txt,10,8.17 17：00-17:30,2025/08/17 16:51:34,Zack,male,这种话题就很好笑,8
chat_history_8.17 17：00-17_30_2025-08-17.txt,10,8.17 17：00-17:30,2025/08/17 16:51:42,Zack,male,一张嘴就要世界最好,9
chat_history_8.17 17：00-17_30_2025-08-17.txt,10,8.17 17：00-17:30,2025/08/17 16:51:51,Zack,male,单巴塞才是真正宇宙队吧,11
chat_history_8.17 17：00-17_30_2025-08-17.txt,10,8.17 17：00-17:30,2025/08/17 16:52:33,Lily,female,梦三时期确实,6
chat_history_8.17 17：00-17_30_2025-08-17.txt,10,8.17 17：00-17:30,2025/08/17 16:53:20,Lily,female,论统治力和长度也就皇萨仁可以算吧,16
chat_history_8.17 17：00-17_30_2025-08-17.txt,10,8.17 17：00-17:30,2025/08/17 16:53:52,Steve,male,笑了，我皇马拿了14个欧冠冠军，这还不能说明统治力吗,26
chat_history_8.17 17：00-17_30_2025-08-17.txt,10,8.17 17：00-17:30,2025/08/17 16:54:26,Zack,male,14冠笑死，谁不知道皇马的欧冠史一半靠玄学和裁判吹哨续命,28
chat_history_8.17 17：00-17_30_2025-08-17.txt,10,8.17 17：00-17:30,2025/08/17 16:54:40,Zack,male,被里昂连续10年摁着打,11
chat_history_8.17 17：00-17_30_2025-08-17.txt,10,8.17 17：00-17:30,2025/08/17 16:54:55,Zack,male,21被矿工双杀,7
chat_history_8.17 17：00-17_30_2025-08-17.txt,10,8.17 17：00-17:30,2025/08/17 16:55:26,Steve,male,什么齐达内、贝克汉姆、罗纳尔多谁不是从银河战舰出发的,26
chat_history_8.17 17：00-17_30_2025-08-17.txt,10,8.17 17：00-17:30,2025/08/17 16:55:32,Lily,female,组群优秀的皇萨匹配机制,11
chat_history_8.17 17：00-17_30_2025-08-17.txt,10,8.17 17：00-17:30,2025/08/17 16:55:48,Zack,male,所谓银河战舰,6
chat_history_8.17 17：00-17_30_2025-08-17.txt,10,8.17 17：00-17:30,2025/08/17 16:55:53,Lily,female,不能单论欧冠一项来算吧,11
chat_history_8.17 17：00-17_30_2025-08-17.txt,10,8.17 17：00-17:30,2025/08/17 16:55:54,Steve,male,我法国超跑姆巴佩不一样选择加入皇马效力,19
chat_history_8.17 17：00-17_30_2025-08-17.txt,10,8.17 17：00-17:30,2025/08/17 16:55:56,Zack,male,最后搞成泰坦尼克号,9
chat_history_8.17 17：00-17_30_2025-08-17.txt,10,8.17 17：00-17:30,2025/08/17 16:56:06,Zack,male,银河战舰凑一块,7
chat_history_8.17 17：00-17_30_2025-08-17.txt,10,8.17 17：00-17:30,2025/08/17 16:56:19,Zack,male,被摩纳哥拉科这种队吊起来打,13
chat_history_8.17 17：00-17_30_2025-08-17.txt,10,8.17 17：00-17:30,2025/08/17 16:57:02,Zack,male,感觉像上泰坦其可好坐观光游轮,14
chat_history_8.17 17：00-17_30_2025-08-17.txt,10,8.17 17：00-17:30,2025/08/17 16:57:08,Zack,male,养老,2
chat_history_8.17 17：00-17_30_2025-08-17.txt,10,8.17 17：00-17:30,2025/08/17 16:57:38,Lily,female,如果说是皇马，最伟大的足球哲学指,16
chat_history_8.17 17：00-17_30_2025-08-17.txt,10,8.17 17：00-17:30,2025/08/17 16:57:53,Zack,male,姆巴佩现在的表现也不像超跑吧,14
chat_history_8.17 17：00-17_30_2025-08-17.txt,10,8.17 17：00-17:30,2025/08/17 16:57:58,Zack,male,电瓶车,3
chat_history_8.17 17：00-17_30_2025-08-17.txt,10,8.17 17：00-17:30,2025/08/17 16:58:08,Steve,male,9248的奇迹、安菲尔德的奇迹是实打实的,20
chat_history_8.17 17：00-17_30_2025-08-17.txt,10,8.17 17：00-17:30,2025/08/17 16:58:44,Steve,male,尊严不是靠喊出来的，既然是足球就用冠军奖杯捍卫,23
chat_history_8.17 17：00-17_30_2025-08-17.txt,10,8.17 17：00-17:30,2025/08/17 16:58:46,Zack,male,巴萨的梦三靠的是哲学、传控和绝对统治力。你们吹的奇迹,26
chat_history_8.17 17：00-17_30_2025-08-17.txt,10,8.17 17：00-17:30,2025/08/17 17:00:08,Steve,male,毕竟不是谁都能把绝境当家常便饭，把翻盘刻成队史勋章的,26
chat_history_8.17 17：00-17_30_2025-08-17.txt,10,8.17 17：00-17:30,2025/08/17 17:00:53,Lily,female,诶但是说奇迹也是足球的组成部分，加时翻盘不也是一大看点,27
chat_history_8.17 17：00-17_30_2025-08-17.txt,10,8.17 17：00-17:30,2025/08/17 17:00:58,Zack,male,那我估计你们皇马粉家中常备速效救心丸,18
chat_history_8.17 17：00-17_30_2025-08-17.txt,10,8.17 17：00-17:30,2025/08/17 17:01:09,Zack,male,请问速效救心丸什么牌子好,12
chat_history_8.17 17：00-17_30_2025-08-17.txt,10,8.17 17：00-17:30,2025/08/17 17:01:47,Steve,male,姆巴佩还电瓶车，1.6亿真上架，买的人一大堆,22
chat_history_8.17 17：00-17_30_2025-08-17.txt,10,8.17 17：00-17:30,2025/08/17 17:02:23,Steve,male,单说维尼修斯，沙特都能给10亿大合同,18
chat_history_8.17 17：00-17_30_2025-08-17.txt,10,8.17 17：00-17:30,2025/08/17 17:02:25,Zack,male,加时翻盘确实热闹。但对巴萨来说，看点是梅西过人五连杀，是哈维和小白把球踢成艺术。,40
chat_history_8.17 17：00-17_30_2025-08-17.txt,10,8.17 17：00-17:30,2025/08/17 17:02:32,Zack,male,对皇马来说，看点是又要靠补时续命了,17
chat_history_8.17 17：00-17_30_2025-08-17.txt,10,8.17 17：00-17:30,2025/08/17 17:02:40,Zack,male,对曼城来说，看点是又要被弱队送回家了,18
chat_history_8.17 17：00-17_30_2025-08-17.txt,10,8.17 17：00-17:30,2025/08/17 17:03:18,Steve,male,罗德里戈曼城都要开1亿报价,13
chat_history_8.17 17：00-17_30_2025-08-17.txt,10,8.17 17：00-17:30,2025/08/17 17:03:51,Lily,female,1617欧冠的诺坎普奇迹请问是算,16
chat_history_8.17 17：00-17_30_2025-08-17.txt,10,8.17 17：00-17:30,2025/08/17 17:03:56,Zack,male,曼城花钱习惯了,7
chat_history_8.17 17：00-17_30_2025-08-17.txt,10,8.17 17：00-17:30,2025/08/17 17:04:23,Zack,male,算啊,2
chat_history_8.17 17：00-17_30_2025-08-17.txt,10,8.17 17：00-17:30,2025/08/17 17:04:35,Steve,male,说明银河战舰每个人出去都潜力股,15
chat_history_8.17 17：00-17_30_2025-08-17.txt,10,8.17 17：00-17:30,2025/08/17 17:04:35,Zack,male,但是奇迹也分层次吧,9
chat_history_8.17 17：00-17_30_2025-08-17.txt,10,8.17 17：00-17:30,2025/08/17 17:04:56,Zack,male,有的是弱队爆冷的惨案,10
chat_history_8.17 17：00-17_30_2025-08-17.txt,10,8.17 17：00-17:30,2025/08/17 17:05:58,Zack,male,不是,2
chat_history_8.17 17：00-17_30_2025-08-17.txt,10,8.17 17：00-17:30,2025/08/17 17:06:01,Zack,male,你们不说话,5
chat_history_8.17 17：00-17_30_2025-08-17.txt,10,8.17 17：00-17:30,2025/08/17 17:06:07,Zack,male,是在翻老黄历吗,7
chat_history_8.17 17：00-17_30_2025-08-17.txt,10,8.17 17：00-17:30,2025/08/17 17:06:13,Zack,male,祖上的荣誉如数家珍,9
chat_history_8.17 17：00-17_30_2025-08-17.txt,10,8.17 17：00-17:30,2025/08/17 17:06:21,Zack,male,罄竹难书,4
chat_history_8.17 17：00-17_30_2025-08-17.txt,10,8.17 17：00-17:30,2025/08/17 17:06:25,Zack,male,不是多的歇不过来,8
chat_history_8.17 17：00-17_30_2025-08-17.txt,10,8.17 17：00-17:30,2025/08/17 17:06:29,Zack,male,是没啥可写的,6
chat_history_8.17 17：00-17_30_2025-08-17.txt,10,8.17 17：00-17:30,2025/08/17 17:06:38,Steve,male,姆巴佩再怎么弱，都是实打实的欧洲金靴,18
chat_history_8.17 17：00-17_30_2025-08-17.txt,10,8.17 17：00-17:30,2025/08/17 17:06:39,Lily,female,确实罄竹难书,6
chat_history_8.17 17：00-17_30_2025-08-17.txt,10,8.17 17：00-17:30,2025/08/17 17:07:23,Zack,male,梅西当年是欧洲金靴+金球+梦三时代统治全欧。姆巴佩的金靴，法甲刷出来的,35
chat_history_8.17 17：00-17_30_2025-08-17.txt,10,8.17 17：00-17:30,2025/08/17 17:07:30,Zack,male,转会戏比欧冠表现热闹,10
chat_history_8.17 17：00-17_30_2025-08-17.txt,10,8.17 17：00-17:30,2025/08/17 17:07:43,Steve,male,c罗的皇马又差了吗,9
chat_history_8.17 17：00-17_30_2025-08-17.txt,10,8.17 17：00-17:30,2025/08/17 17:08:06,Zack,male,关键那几年就靠C罗一个人,12
chat_history_8.17 17：00-17_30_2025-08-17.txt,10,8.17 17：00-17:30,2025/08/17 17:08:16,Zack,male,个人的荣誉硬绑到11人,11
chat_history_8.17 17：00-17_30_2025-08-17.txt,10,8.17 17：00-17:30,2025/08/17 17:08:21,Zack,male,吧C罗当护身符了,8
chat_history_8.17 17：00-17_30_2025-08-17.txt,10,8.17 17：00-17:30,2025/08/17 17:08:40,Zack,male,C罗走了立马原形毕露,10
chat_history_8.17 17：00-17_30_2025-08-17.txt,10,8.17 17：00-17:30,2025/08/17 17:08:49,Steve,male,一个人的荣誉就是集体荣誉,12
chat_history_8.17 17：00-17_30_2025-08-17.txt,10,8.17 17：00-17:30,2025/08/17 17:09:03,Steve,male,这叫有团队荣誉感,8
chat_history_8.17 17：00-17_30_2025-08-17.txt,10,8.17 17：00-17:30,2025/08/17 17:09:20,Zack,male,那C罗在葡萄牙队拿的欧洲杯是不是也该算皇马的,22
chat_history_8.17 21：00-21_30_2025-08-17.txt,11,8.17 21：00-21:30,2025/08/17 21:03:20,Steve,male,我推荐我的主队拜仁慕尼黑，他们有激情，铁血，永不言败,26
chat_history_8.17 21：00-21_30_2025-08-17.txt,11,8.17 21：00-21:30,2025/08/17 21:03:26,Lily,female,我心中是切尔西，AC米兰（这两球队算我主队吧）,23
chat_history_8.17 21：00-21_30_2025-08-17.txt,11,8.17 21：00-21:30,2025/08/17 21:03:47,Zack,male,显然，巴黎圣日耳曼是全世界最好的球队，这家年轻的俱乐部正在以他们的方式逐步登顶世界,41
chat_history_8.17 21：00-21_30_2025-08-17.txt,11,8.17 21：00-21:30,2025/08/17 21:04:26,Lily,female,虽然这两球队不是一个联赛吧，但我感觉切尔西本身受到意式足球风格影响很大，比如中后卫的安排和设置,47
chat_history_8.17 21：00-21_30_2025-08-17.txt,11,8.17 21：00-21:30,2025/08/17 21:05:28,Lily,female,足球哲学的话？可能就是防守反击，穆里尼奥当年作为主帅立下的,29
chat_history_8.17 21：00-21_30_2025-08-17.txt,11,8.17 21：00-21:30,2025/08/17 21:06:29,Zack,male,巴黎圣日耳曼正在用全员一心，每个人都是球队重要一环的形式，来征服世界。个人感觉有点参考了克鲁伊夫时期荷兰的全攻全守,57
chat_history_8.17 21：00-21_30_2025-08-17.txt,11,8.17 21：00-21:30,2025/08/17 21:06:31,Steve,male,拜仁的整体球风很硬朗，有德式足球的铁血,19
chat_history_8.17 21：00-21_30_2025-08-17.txt,11,8.17 21：00-21:30,2025/08/17 21:06:51,Lily,female,巴黎现在好多超跑,8
chat_history_8.17 21：00-21_30_2025-08-17.txt,11,8.17 21：00-21:30,2025/08/17 21:07:28,Steve,male,虽然大家都对瓜迪奥拉执教时期的表现颇有微词，但我觉得瓜迪奥拉在拜仁开创了一些特殊的战术，比如边后卫内收，肋部空间的运用,59
chat_history_8.17 21：00-21_30_2025-08-17.txt,11,8.17 21：00-21:30,2025/08/17 21:08:09,Zack,male,因为体育总监坎波斯毒辣的战略眼光，加盟巴黎的球员质量在近些年有了很大的提升,37
chat_history_8.17 21：00-21_30_2025-08-17.txt,11,8.17 21：00-21:30,2025/08/17 21:08:14,Lily,female,现在孔帕尼有延续这种打法吗（不是很了解,19
chat_history_8.17 21：00-21_30_2025-08-17.txt,11,8.17 21：00-21:30,2025/08/17 21:08:22,Steve,male,在瓜迪奥拉时期，拉姆可以说是全世界最好的边后腰，而且14年德国世界杯夺冠勒夫也沿用了这种打法,46
chat_history_8.17 21：00-21_30_2025-08-17.txt,11,8.17 21：00-21:30,2025/08/17 21:08:44,Steve,male,现在孔帕尼主要是高位压迫，快速转换，感觉比之前更实用一点,28
chat_history_8.17 21：00-21_30_2025-08-17.txt,11,8.17 21：00-21:30,2025/08/17 21:09:14,Zack,male,好奇，德拜球迷会认为是瓜迪奥拉毒害了德国足球吗？,24
chat_history_8.17 21：00-21_30_2025-08-17.txt,11,8.17 21：00-21:30,2025/08/17 21:09:17,Lily,female,噢噢这样子，瓜迪奥拉是挺喜欢肋部空间来做文章,22
chat_history_8.17 21：00-21_30_2025-08-17.txt,11,8.17 21：00-21:30,2025/08/17 21:09:30,Steve,male,大部分人认为是 但我觉得不是,14
chat_history_8.17 21：00-21_30_2025-08-17.txt,11,8.17 21：00-21:30,2025/08/17 21:09:32,Lily,female,孔帕尼的表现有点没想到的,12
chat_history_8.17 21：00-21_30_2025-08-17.txt,11,8.17 21：00-21:30,2025/08/17 21:10:17,Steve,male,我觉得孔帕尼第一年的表现还是可以的，拜仁现在的问题主要还是出在高层的过分干预,38
chat_history_8.17 21：00-21_30_2025-08-17.txt,11,8.17 21：00-21:30,2025/08/17 21:10:20,Lily,female,瓜迪奥拉没这个能力毒害德国足球吧，我感觉德国队还是球员有些青黄不接,33
chat_history_8.17 21：00-21_30_2025-08-17.txt,11,8.17 21：00-21:30,2025/08/17 21:11:01,Steve,male,而且感觉德国人本身就有点愿意矫枉过正，是当时那一批青训自己过分追求技术忽视原来自己的强项了,45
chat_history_8.17 21：00-21_30_2025-08-17.txt,11,8.17 21：00-21:30,2025/08/17 21:11:13,Steve,male,比如打包去切尔西的哈弗茨和维尔纳,16
chat_history_8.17 21：00-21_30_2025-08-17.txt,11,8.17 21：00-21:30,2025/08/17 21:11:35,Lily,female,不过拜仁高层用孔帕尼这个决定还是蛮惊讶的，毕竟过往经验不是很充足,32
chat_history_8.17 21：00-21_30_2025-08-17.txt,11,8.17 21：00-21:30,2025/08/17 21:11:48,Zack,male,但是瓜确实是改变了日耳曼人的踢球方式，反而有点让德国足球失去了特点，在90年代，德式中锋很抢手的吧,49
chat_history_8.17 21：00-21_30_2025-08-17.txt,11,8.17 21：00-21:30,2025/08/17 21:12:05,Zack,male,克林斯曼，比埃尔霍夫之类的,13
chat_history_8.17 21：00-21_30_2025-08-17.txt,11,8.17 21：00-21:30,2025/08/17 21:12:37,Steve,male,当时拜仁的情况是有点想等阿隆索合同结束抢阿隆索 有点过渡教练的意思,33
chat_history_8.17 21：00-21_30_2025-08-17.txt,11,8.17 21：00-21:30,2025/08/17 21:12:40,Lily,female,哈弗次和维尔纳确实，都很喜欢小技术，在切尔西表现感觉无功无过，不过与身价差距有点大,41
chat_history_8.17 21：00-21_30_2025-08-17.txt,11,8.17 21：00-21:30,2025/08/17 21:12:50,Steve,male,大牌教练不愿意来 所以只能找过渡期的年轻人赌一下,24
chat_history_8.17 21：00-21_30_2025-08-17.txt,11,8.17 21：00-21:30,2025/08/17 21:13:17,Steve,male,对的 现在德国足球还是需要那种硬朗的中锋，但和以前比还是要有足够的运动能力,37
chat_history_8.17 21：00-21_30_2025-08-17.txt,11,8.17 21：00-21:30,2025/08/17 21:13:29,Lily,female,哈弗次现在在阿尔特塔手下还可以，他在切尔西时期还长高了，这也让他原本的一些技术有点失衡,43
chat_history_8.17 21：00-21_30_2025-08-17.txt,11,8.17 21：00-21:30,2025/08/17 21:13:47,Steve,male,是的 和在德甲相比长高了5cm左右,17
chat_history_8.17 21：00-21_30_2025-08-17.txt,11,8.17 21：00-21:30,2025/08/17 21:14:15,Zack,male,切尔西球迷会因为哈弗茨的滑跪而对他颇有微词吗,22
chat_history_8.17 21：00-21_30_2025-08-17.txt,11,8.17 21：00-21:30,2025/08/17 21:14:19,Lily,female,德国足球刻板印象就是大中锋,13
chat_history_8.17 21：00-21_30_2025-08-17.txt,11,8.17 21：00-21:30,2025/08/17 21:14:59,Lily,female,我其实还好，我觉得除了滑轨，哈弗次本人在切尔西的时候没什么毛病,31
chat_history_8.17 21：00-21_30_2025-08-17.txt,11,8.17 21：00-21:30,2025/08/17 21:15:07,Steve,male,西汉姆的菲尔克鲁格现在也被克莱因丁斯特取代了 就是因为他的运动能力差 只在禁区内接应 克莱因丁斯特有点全能的感觉 可以拉边可以做球可以接应,69
chat_history_8.17 21：00-21_30_2025-08-17.txt,11,8.17 21：00-21:30,2025/08/17 21:15:34,Lily,female,用一个滑轨去否定很多东西，感觉也没必要,19
chat_history_8.17 21：00-21_30_2025-08-17.txt,11,8.17 21：00-21:30,2025/08/17 21:16:19,Steve,male,对现在马雷斯卡的改造有什么想法吗 感觉马雷斯卡手下的切尔西开始不走防守反击的线路了,41
chat_history_8.17 21：00-21_30_2025-08-17.txt,11,8.17 21：00-21:30,2025/08/17 21:17:18,Lily,female,球员的选择感觉也不是防守反击了，南美风倒是越来越重，我感觉再看看，至少目前看来还可以,42
chat_history_8.17 21：00-21_30_2025-08-17.txt,11,8.17 21：00-21:30,2025/08/17 21:17:59,Steve,male,感觉我们这组球迷讨论很和谐哈哈哈，大家都是多年看球的老球迷了,30
chat_history_8.17 21：00-21_30_2025-08-17.txt,11,8.17 21：00-21:30,2025/08/17 21:18:03,Lily,female,哈哈哈哈是的,6
chat_history_8.17 21：00-21_30_2025-08-17.txt,11,8.17 21：00-21:30,2025/08/17 21:18:16,Steve,male,对彼此的主队也都很了解，有足够的战术理解能力,22
chat_history_8.17 21：00-21_30_2025-08-17.txt,11,8.17 21：00-21:30,2025/08/17 21:18:42,Steve,male,在现在的足球讨论环境里很难得了,15
chat_history_8.17 21：00-21_30_2025-08-17.txt,11,8.17 21：00-21:30,2025/08/17 21:18:43,Lily,female,老球迷就这样子，我正在看切尔西比赛,17
chat_history_8.17 21：00-21_30_2025-08-17.txt,11,8.17 21：00-21:30,2025/08/17 21:18:48,Steve,male,我也是哈哈哈,6
chat_history_8.17 21：00-21_30_2025-08-17.txt,11,8.17 21：00-21:30,2025/08/17 21:18:55,Lily,female,哈哈哈哈,4
chat_history_8.17 21：00-21_30_2025-08-17.txt,11,8.17 21：00-21:30,2025/08/17 21:21:56,Lily,female,能否加个联系方式啊，感觉好和谐，很难得了,20
chat_history_8.17 21：00-21_30_2025-08-17.txt,11,8.17 21：00-21:30,2025/08/17 21:22:05,Steve,male,哈哈哈好,4
chat_history_8.17 21：00-21_30_2025-08-17.txt,11,8.17 21：00-21:30,2025/08/17 21:22:10,Steve,male,13946177104,11
chat_history_8.17 21：00-21_30_2025-08-17.txt,11,8.17 21：00-21:30,2025/08/17 21:22:16,Lily,female,请问是微信吗,6
chat_history_8.17 21：00-21_30_2025-08-17.txt,11,8.17 21：00-21:30,2025/08/17 21:22:20,Steve,male,是的,2
chat_history_8.17 21：00-21_30_2025-08-17.txt,11,8.17 21：00-21:30,2025/08/17 21:22:22,Lily,female,好滴,2
chat_history_8.17 21：00-21_30_2025-08-17.txt,11,8.17 21：00-21:30,2025/08/17 21:23:05,Zack,male,18868976103,11
chat_history_8.17 21：00-21_30_2025-08-17.txt,11,8.17 21：00-21:30,2025/08/17 21:23:33,Lily,female,18758041970,11
chat_history_8.18 19：00-19_30_2025-08-18.txt,12,8.18 19：00-19:30,2025/08/18 19:00:09,Zack,male,巴萨：不止一家俱乐部！,11
chat_history_8.18 19：00-19_30_2025-08-18.txt,12,8.18 19：00-19:30,2025/08/18 19:00:33,Lily,female,曼联走在正确的道路上！,11
chat_history_8.18 19：00-19_30_2025-08-18.txt,12,8.18 19：00-19:30,2025/08/18 19:01:21,Zack,male,拉玛西亚的年轻人会让巴萨的足球哲学遍布世界的角落,24
chat_history_8.18 19：00-19_30_2025-08-18.txt,12,8.18 19：00-19:30,2025/08/18 19:01:55,Lily,female,巴萨现在还缺什么拼图,10
chat_history_8.18 19：00-19_30_2025-08-18.txt,12,8.18 19：00-19:30,2025/08/18 19:02:28,Zack,male,中卫需要一个成熟的大核,11
chat_history_8.18 19：00-19_30_2025-08-18.txt,12,8.18 19：00-19:30,2025/08/18 19:02:31,Lily,female,上赛季本来看好夺冠咧,10
chat_history_8.18 19：00-19_30_2025-08-18.txt,12,8.18 19：00-19:30,2025/08/18 19:02:40,Zack,male,前场需要一个更年轻的9号位,13
chat_history_8.18 19：00-19_30_2025-08-18.txt,12,8.18 19：00-19:30,2025/08/18 19:03:04,Zack,male,上赛季如果对攻巴黎，不见得输球,15
chat_history_8.18 19：00-19_30_2025-08-18.txt,12,8.18 19：00-19:30,2025/08/18 19:03:10,Lily,female,希望巴萨对我们太子好点……,13
chat_history_8.18 19：00-19_30_2025-08-18.txt,12,8.18 19：00-19:30,2025/08/18 19:03:24,Zack,male,巴黎中场都对不过切尔西,11
chat_history_8.18 19：00-19_30_2025-08-18.txt,12,8.18 19：00-19:30,2025/08/18 19:03:34,Lily,female,巴萨防线还是不太成熟感觉,12
chat_history_8.18 19：00-19_30_2025-08-18.txt,12,8.18 19：00-19:30,2025/08/18 19:03:42,Zack,male,拉师傅昨天首秀踢得还行,11
chat_history_8.18 19：00-19_30_2025-08-18.txt,12,8.18 19：00-19:30,2025/08/18 19:03:55,Zack,male,他能拿球 也能冲刺,9
chat_history_8.18 19：00-19_30_2025-08-18.txt,12,8.18 19：00-19:30,2025/08/18 19:04:22,Lily,female,在曼联被骂太狠，换个地方希望好好踢,17
chat_history_8.18 19：00-19_30_2025-08-18.txt,12,8.18 19：00-19:30,2025/08/18 19:04:29,Zack,male,曼联昨天那俩新外援也把阿森纳拉爆了吧,18
chat_history_8.18 19：00-19_30_2025-08-18.txt,12,8.18 19：00-19:30,2025/08/18 19:04:56,Lily,female,反正比阿森纳的新援好使多了,13
chat_history_8.18 19：00-19_30_2025-08-18.txt,12,8.18 19：00-19:30,2025/08/18 19:05:10,Zack,male,萨力巴 拉扯门将，后点才进的,14
chat_history_8.18 19：00-19_30_2025-08-18.txt,12,8.18 19：00-19:30,2025/08/18 19:05:15,Lily,female,可惜得势不得分太可惜了,11
chat_history_8.18 19：00-19_30_2025-08-18.txt,12,8.18 19：00-19:30,2025/08/18 19:06:07,Lily,female,谁是世界上最伟大的俱乐部，可以是任何俱乐部，但阿森纳这踢法难称伟大,33
chat_history_8.18 19：00-19_30_2025-08-18.txt,12,8.18 19：00-19:30,2025/08/18 19:06:13,Zack,male,我觉得巴萨踢球很有节奏，有自己的进攻哲学,20
chat_history_8.18 19：00-19_30_2025-08-18.txt,12,8.18 19：00-19:30,2025/08/18 19:06:35,Zack,male,曼联底蕴也很好 特别是弗格森的时候,17
chat_history_8.18 19：00-19_30_2025-08-18.txt,12,8.18 19：00-19:30,2025/08/18 19:06:41,Lily,female,巴萨的进攻非常好看，但是阵型感觉还是不太均衡,22
chat_history_8.18 19：00-19_30_2025-08-18.txt,12,8.18 19：00-19:30,2025/08/18 19:06:51,Lily,female,我们上赛季进攻纯纯便秘,11
chat_history_8.18 19：00-19_30_2025-08-18.txt,12,8.18 19：00-19:30,2025/08/18 19:07:08,Zack,male,我一开始看英超的时候，范佩西第二年就去了曼联,22
chat_history_8.18 19：00-19_30_2025-08-18.txt,12,8.18 19：00-19:30,2025/08/18 19:07:26,Zack,male,也算是见证了曼联最近的一个小辉煌,16
chat_history_8.18 19：00-19_30_2025-08-18.txt,12,8.18 19：00-19:30,2025/08/18 19:07:42,Lily,female,一下子奔着十年去了,9
chat_history_8.18 19：00-19_30_2025-08-18.txt,12,8.18 19：00-19:30,2025/08/18 19:08:16,Lily,female,曼联的剧情好看就好看在一直在重建，球迷参与感很强哈哈哈，底蕴也丰富，依然有吸引力，每年剧情拉满,47
chat_history_8.18 19：00-19_30_2025-08-18.txt,12,8.18 19：00-19:30,2025/08/18 19:09:11,Zack,male,巴萨也没复兴呢，不过球员大多数都年轻，就是缺钱，会员制俱乐部，投资拉不满,36
chat_history_8.18 19：00-19_30_2025-08-18.txt,12,8.18 19：00-19:30,2025/08/18 19:09:29,Lily,female,年轻的球队显得朝气,9
chat_history_8.18 19：00-19_30_2025-08-18.txt,12,8.18 19：00-19:30,2025/08/18 19:09:33,Zack,male,鹿晗喜欢曼联,6
chat_history_8.18 19：00-19_30_2025-08-18.txt,12,8.18 19：00-19:30,2025/08/18 19:09:42,Lily,female,我们也终于好不容易换掉好多老人,15
chat_history_8.18 19：00-19_30_2025-08-18.txt,12,8.18 19：00-19:30,2025/08/18 19:10:24,Lily,female,有一说一，鹿晗踢得挺好的,12
chat_history_8.18 19：00-19_30_2025-08-18.txt,12,8.18 19：00-19:30,2025/08/18 19:10:35,Lily,female,没有阿森纳，本房间吵不起来,13
chat_history_8.18 19：00-19_30_2025-08-18.txt,12,8.18 19：00-19:30,2025/08/18 19:10:56,Lily,female,场面和谐,4
chat_history_8.18 19：00-19_30_2025-08-18.txt,12,8.18 19：00-19:30,2025/08/18 19:11:00,Zack,male,对 而且曼联很多的球星都是挖掘更高的能力,20
chat_history_8.18 19：00-19_30_2025-08-18.txt,12,8.18 19：00-19:30,2025/08/18 19:11:05,Steve,male,现在看得到我发言吗,9
chat_history_8.18 19：00-19_30_2025-08-18.txt,12,8.18 19：00-19:30,2025/08/18 19:11:10,Lily,female,看得到,3
chat_history_8.18 19：00-19_30_2025-08-18.txt,12,8.18 19：00-19:30,2025/08/18 19:11:11,Zack,male,不想某马 直接免签,9
chat_history_8.18 19：00-19_30_2025-08-18.txt,12,8.18 19：00-19:30,2025/08/18 19:11:24,Lily,female,马这种太伤了,6
chat_history_8.18 19：00-19_30_2025-08-18.txt,12,8.18 19：00-19:30,2025/08/18 19:11:31,Steve,male,阿森纳的打法问题在哪里哇,12
chat_history_8.18 19：00-19_30_2025-08-18.txt,12,8.18 19：00-19:30,2025/08/18 19:11:38,Steve,male,昨天的战术曼联选择的很好,12
chat_history_8.18 19：00-19_30_2025-08-18.txt,12,8.18 19：00-19:30,2025/08/18 19:11:53,Lily,female,感觉阿尔特塔不会用大中锋,12
chat_history_8.18 19：00-19_30_2025-08-18.txt,12,8.18 19：00-19:30,2025/08/18 19:11:54,Steve,male,胖虎害怕逼抢的问题,9
chat_history_8.18 19：00-19_30_2025-08-18.txt,12,8.18 19：00-19:30,2025/08/18 19:12:07,Lily,female,胖虎老了没油了，能踢多久是多久吧,16
chat_history_8.18 19：00-19_30_2025-08-18.txt,12,8.18 19：00-19:30,2025/08/18 19:12:08,Steve,male,利用后卫前锋直接连线解决了,13
chat_history_8.18 19：00-19_30_2025-08-18.txt,12,8.18 19：00-19:30,2025/08/18 19:12:08,Zack,male,巴萨你没发现 娜娜中场都被爆了,15
chat_history_8.18 19：00-19_30_2025-08-18.txt,12,8.18 19：00-19:30,2025/08/18 19:12:20,Steve,male,先别用娜娜这个词ok吗,11
chat_history_8.18 19：00-19_30_2025-08-18.txt,12,8.18 19：00-19:30,2025/08/18 19:12:28,Steve,male,咱们友好交谈,6
chat_history_8.18 19：00-19_30_2025-08-18.txt,12,8.18 19：00-19:30,2025/08/18 19:12:35,Zack,male,厄德高传球水平有佩德里一半的话 也不会渗透求传给马奎尔了,28
chat_history_8.18 19：00-19_30_2025-08-18.txt,12,8.18 19：00-19:30,2025/08/18 19:12:43,Zack,male,他太多安全球了,7
chat_history_8.18 19：00-19_30_2025-08-18.txt,12,8.18 19：00-19:30,2025/08/18 19:12:46,Steve,male,昨天约克雷斯没空间,9
chat_history_8.18 19：00-19_30_2025-08-18.txt,12,8.18 19：00-19:30,2025/08/18 19:12:51,Steve,male,饿得高我真服了,7
chat_history_8.18 19：00-19_30_2025-08-18.txt,12,8.18 19：00-19:30,2025/08/18 19:12:55,Zack,male,中场真得来个大核,8
chat_history_8.18 19：00-19_30_2025-08-18.txt,12,8.18 19：00-19:30,2025/08/18 19:12:58,Steve,male,智慧交通小能手,7
chat_history_8.18 19：00-19_30_2025-08-18.txt,12,8.18 19：00-19:30,2025/08/18 19:13:01,Zack,male,rice一个人带不动,10
chat_history_8.18 19：00-19_30_2025-08-18.txt,12,8.18 19：00-19:30,2025/08/18 19:13:01,Lily,female,感觉14太紧张了,8
chat_history_8.18 19：00-19_30_2025-08-18.txt,12,8.18 19：00-19:30,2025/08/18 19:13:03,Steve,male,我是真馋佩德里,7
chat_history_8.18 19：00-19_30_2025-08-18.txt,12,8.18 19：00-19:30,2025/08/18 19:13:14,Steve,male,rice小范围直塞调度有问题的,15
chat_history_8.18 19：00-19_30_2025-08-18.txt,12,8.18 19：00-19:30,2025/08/18 19:13:16,Zack,male,rice小身板总不能当坎特那种角色吧,18
chat_history_8.18 19：00-19_30_2025-08-18.txt,12,8.18 19：00-19:30,2025/08/18 19:13:20,Lily,female,太想证明自己了，但是拿球空间比葡超小太多,20
chat_history_8.18 19：00-19_30_2025-08-18.txt,12,8.18 19：00-19:30,2025/08/18 19:13:22,Steve,male,他不适合打左8,7
chat_history_8.18 19：00-19_30_2025-08-18.txt,12,8.18 19：00-19:30,2025/08/18 19:13:28,Steve,male,rice身板不小了,9
chat_history_8.18 19：00-19_30_2025-08-18.txt,12,8.18 19：00-19:30,2025/08/18 19:13:42,Lily,female,我们的芒特放哪里也是老大难问题了,16
chat_history_8.18 19：00-19_30_2025-08-18.txt,12,8.18 19：00-19:30,2025/08/18 19:13:42,Zack,male,我建议拿厄德高换所波斯罗伊哈哈,15
chat_history_8.18 19：00-19_30_2025-08-18.txt,12,8.18 19：00-19:30,2025/08/18 19:13:58,Lily,female,厄德高不太行,6
chat_history_8.18 19：00-19_30_2025-08-18.txt,12,8.18 19：00-19:30,2025/08/18 19:13:59,Steve,male,挤门将我觉得这个怎么说呢,12
chat_history_8.18 19：00-19_30_2025-08-18.txt,12,8.18 19：00-19:30,2025/08/18 19:14:03,Steve,male,每个队都在用,6
chat_history_8.18 19：00-19_30_2025-08-18.txt,12,8.18 19：00-19:30,2025/08/18 19:14:09,Zack,male,芒特换麦卡,5
chat_history_8.18 19：00-19_30_2025-08-18.txt,12,8.18 19：00-19:30,2025/08/18 19:14:10,Steve,male,会产生一定的争议,8
chat_history_8.18 19：00-19_30_2025-08-18.txt,12,8.18 19：00-19:30,2025/08/18 19:14:11,Lily,female,我觉得挤就挤吧,7
chat_history_8.18 19：00-19_30_2025-08-18.txt,12,8.18 19：00-19:30,2025/08/18 19:14:18,Lily,female,但是还是喜欢看美丽足球,11
chat_history_8.18 19：00-19_30_2025-08-18.txt,12,8.18 19：00-19:30,2025/08/18 19:14:30,Steve,male,阿森纳打阵地战就是便秘没办法,14
chat_history_8.18 19：00-19_30_2025-08-18.txt,12,8.18 19：00-19:30,2025/08/18 19:14:32,Zack,male,萨力巴那个太明显了有点 拉了俩人,16
chat_history_8.18 19：00-19_30_2025-08-18.txt,12,8.18 19：00-19:30,2025/08/18 19:14:36,Lily,female,马丁内利和哈弗茨都不能承担终结者的角色,19
chat_history_8.18 19：00-19_30_2025-08-18.txt,12,8.18 19：00-19:30,2025/08/18 19:14:44,Steve,male,哈弗茨和芒特很像,8
chat_history_8.18 19：00-19_30_2025-08-18.txt,12,8.18 19：00-19:30,2025/08/18 19:14:48,Steve,male,位置四不像,5
chat_history_8.18 19：00-19_30_2025-08-18.txt,12,8.18 19：00-19:30,2025/08/18 19:15:02,Lily,female,小六边形=哪哪不行,9
chat_history_8.18 19：00-19_30_2025-08-18.txt,12,8.18 19：00-19:30,2025/08/18 19:15:04,Steve,male,总感觉有点别扭,7
chat_history_8.18 19：00-19_30_2025-08-18.txt,12,8.18 19：00-19:30,2025/08/18 19:15:17,Zack,male,哈弗茨感觉是菲利克斯plus,14
chat_history_8.18 19：00-19_30_2025-08-18.txt,12,8.18 19：00-19:30,2025/08/18 19:15:30,Lily,female,我感觉新赛季约克雷斯要被骂到怀疑人生,18
chat_history_8.18 19：00-19_30_2025-08-18.txt,12,8.18 19：00-19:30,2025/08/18 19:15:38,Steve,male,zack你说的那个如果这个踢法有问题的话，昨天曼联delihete两个人夹拉亚,39
chat_history_8.18 19：00-19_30_2025-08-18.txt,12,8.18 19：00-19:30,2025/08/18 19:15:43,Lily,female,但是此人梗略多,7
chat_history_8.18 19：00-19_30_2025-08-18.txt,12,8.18 19：00-19:30,2025/08/18 19:15:44,Steve,male,其实战术用的是一样的,10
chat_history_8.18 19：00-19_30_2025-08-18.txt,12,8.18 19：00-19:30,2025/08/18 19:15:59,Steve,male,14感觉受到的压力很大,11
chat_history_8.18 19：00-19_30_2025-08-18.txt,12,8.18 19：00-19:30,2025/08/18 19:16:12,Steve,male,摸个头发都要被媒体放大,11
chat_history_8.18 19：00-19_30_2025-08-18.txt,12,8.18 19：00-19:30,2025/08/18 19:16:17,Lily,female,德里赫特把他防死了,9
chat_history_8.18 19：00-19_30_2025-08-18.txt,12,8.18 19：00-19:30,2025/08/18 19:16:40,Lily,female,主要还是现在舆论环境对非即战力不宽容,18
chat_history_8.18 19：00-19_30_2025-08-18.txt,12,8.18 19：00-19:30,2025/08/18 19:16:42,Steve,male,英超整体来说喜欢制造一些舆论，球员在英超压力都会大,25
chat_history_8.18 19：00-19_30_2025-08-18.txt,12,8.18 19：00-19:30,2025/08/18 19:16:43,Zack,male,我建议芒特加b费换厄德高和本怀特哈哈,18
chat_history_8.18 19：00-19_30_2025-08-18.txt,12,8.18 19：00-19:30,2025/08/18 19:16:50,Steve,male,lily应该有感受,9
chat_history_8.18 19：00-19_30_2025-08-18.txt,12,8.18 19：00-19:30,2025/08/18 19:16:59,Steve,male,曼联的舆论压力真的超级大,12
chat_history_8.18 19：00-19_30_2025-08-18.txt,12,8.18 19：00-19:30,2025/08/18 19:17:09,Lily,female,我看巴萨还好，大家不咋骂拉师傅,15
chat_history_8.18 19：00-19_30_2025-08-18.txt,12,8.18 19：00-19:30,2025/08/18 19:17:12,Steve,male,其实我不知道为什么，总觉得曼联之前几年不怎么保护球员,26
chat_history_8.18 19：00-19_30_2025-08-18.txt,12,8.18 19：00-19:30,2025/08/18 19:17:15,Zack,male,曼联球迷太多了,7
chat_history_8.18 19：00-19_30_2025-08-18.txt,12,8.18 19：00-19:30,2025/08/18 19:17:18,Lily,female,抽象的丢单刀也还好,9
chat_history_8.18 19：00-19_30_2025-08-18.txt,12,8.18 19：00-19:30,2025/08/18 19:17:24,Steve,male,各种更衣室的小道消息满天飞,13
chat_history_8.18 19：00-19_30_2025-08-18.txt,12,8.18 19：00-19:30,2025/08/18 19:17:36,Steve,male,之前的桑乔和滕哈格,9
chat_history_8.18 19：00-19_30_2025-08-18.txt,12,8.18 19：00-19:30,2025/08/18 19:17:38,Zack,male,我老感觉曼联老板想卖球队,12
chat_history_8.18 19：00-19_30_2025-08-18.txt,12,8.18 19：00-19:30,2025/08/18 19:18:03,Lily,female,在曼联踢球压力确实太大，比如霍伊伦,17
chat_history_8.18 19：00-19_30_2025-08-18.txt,12,8.18 19：00-19:30,2025/08/18 19:18:07,Steve,male,曼联给人一种挑流量最大的打法来玩,16
chat_history_8.18 19：00-19_30_2025-08-18.txt,12,8.18 19：00-19:30,2025/08/18 19:18:08,Lily,female,骂得完全没自信了已经,10
chat_history_8.18 19：00-19_30_2025-08-18.txt,12,8.18 19：00-19:30,2025/08/18 19:18:11,Lily,female,孩子眼里没光了,7
chat_history_8.18 19：00-19_30_2025-08-18.txt,12,8.18 19：00-19:30,2025/08/18 19:18:15,Lily,female,踢球还是自信很重要,9
chat_history_8.18 19：00-19_30_2025-08-18.txt,12,8.18 19：00-19:30,2025/08/18 19:18:21,Lily,female,我看约克雷斯马上要没自信了,13
chat_history_8.18 19：00-19_30_2025-08-18.txt,12,8.18 19：00-19:30,2025/08/18 19:18:31,Steve,male,我想把我之前没有发出来的一些再说一下,18
chat_history_8.18 19：00-19_30_2025-08-18.txt,12,8.18 19：00-19:30,2025/08/18 19:18:34,Lily,female,舆论关注喜欢制造到底谁是水货的压力,17
chat_history_8.18 19：00-19_30_2025-08-18.txt,12,8.18 19：00-19:30,2025/08/18 19:18:37,Lily,female,你说,2
chat_history_8.18 19：00-19_30_2025-08-18.txt,12,8.18 19：00-19:30,2025/08/18 19:18:48,Steve,male,我觉得阿森纳在舆论场上之前一直很偏软弱,19
chat_history_8.18 19：00-19_30_2025-08-18.txt,12,8.18 19：00-19:30,2025/08/18 19:18:59,Steve,male,其实我也不知道为什么三连亚以后天天被人骂,20
chat_history_8.18 19：00-19_30_2025-08-18.txt,12,8.18 19：00-19:30,2025/08/18 19:19:15,Steve,male,如果说是功利足球，那么之前穆里尼奥也是这么打的,23
chat_history_8.18 19：00-19_30_2025-08-18.txt,12,8.18 19：00-19:30,2025/08/18 19:19:22,Lily,female,可能是没做好预期管理吧,11
chat_history_8.18 19：00-19_30_2025-08-18.txt,12,8.18 19：00-19:30,2025/08/18 19:19:24,Zack,male,阿森纳那时候又建球场，又卖球员，肯定不舍得给记者好处费,27
chat_history_8.18 19：00-19_30_2025-08-18.txt,12,8.18 19：00-19:30,2025/08/18 19:19:26,Steve,male,我觉得阿尔特塔战术上瓜皮鸟心,14
chat_history_8.18 19：00-19_30_2025-08-18.txt,12,8.18 19：00-19:30,2025/08/18 19:19:30,Lily,female,花了钱，又给了长时间能夺冠的错觉,16
chat_history_8.18 19：00-19_30_2025-08-18.txt,12,8.18 19：00-19:30,2025/08/18 19:19:37,Lily,female,最后没拿，很尴尬,8
chat_history_8.18 19：00-19_30_2025-08-18.txt,12,8.18 19：00-19:30,2025/08/18 19:19:41,Steve,male,但阿尔特塔的文化建设上其实做的真可以,18
chat_history_8.18 19：00-19_30_2025-08-18.txt,12,8.18 19：00-19:30,2025/08/18 19:19:54,Steve,male,我13年开始看18年附近真的都快崩溃了,19
chat_history_8.18 19：00-19_30_2025-08-18.txt,12,8.18 19：00-19:30,2025/08/18 19:19:58,Lily,female,其实阿森纳给教练也很宽容,12
chat_history_8.18 19：00-19_30_2025-08-18.txt,12,8.18 19：00-19:30,2025/08/18 19:20:17,Lily,female,已经对塔很有耐心了,9
chat_history_8.18 19：00-19_30_2025-08-18.txt,12,8.18 19：00-19:30,2025/08/18 19:20:18,Zack,male,阿森纳很多球员都没提出来,12
chat_history_8.18 19：00-19_30_2025-08-18.txt,12,8.18 19：00-19:30,2025/08/18 19:20:18,Steve,male,这几年虽然输球，但是总觉得很有希望（22-23的时候）,27
chat_history_8.18 19：00-19_30_2025-08-18.txt,12,8.18 19：00-19:30,2025/08/18 19:20:26,Zack,male,卡索拉 拉姆塞,7
chat_history_8.18 19：00-19_30_2025-08-18.txt,12,8.18 19：00-19:30,2025/08/18 19:20:35,Steve,male,现在感觉有点瓶颈了,9
chat_history_8.18 19：00-19_30_2025-08-18.txt,12,8.18 19：00-19:30,2025/08/18 19:20:43,Zack,male,00年之前投资回报太低了,12
chat_history_8.18 19：00-19_30_2025-08-18.txt,12,8.18 19：00-19:30,2025/08/18 19:20:47,Zack,male,20年,3
chat_history_8.18 19：00-19_30_2025-08-18.txt,12,8.18 19：00-19:30,2025/08/18 19:20:52,Steve,male,角球的战术确实很有特点,11
chat_history_8.18 19：00-19_30_2025-08-18.txt,12,8.18 19：00-19:30,2025/08/18 19:20:55,Lily,female,我觉得阿森纳的球员给人一种关键时刻会功亏一篑的感觉,25
chat_history_8.18 19：00-19_30_2025-08-18.txt,12,8.18 19：00-19:30,2025/08/18 19:20:57,Lily,female,不知道为什么,6
chat_history_8.18 19：00-19_30_2025-08-18.txt,12,8.18 19：00-19:30,2025/08/18 19:21:03,Steve,male,太年轻了还是,6
chat_history_8.18 19：00-19_30_2025-08-18.txt,12,8.18 19：00-19:30,2025/08/18 19:21:13,Zack,male,曼联巴萨买人有失误，成材率其实不低,17
chat_history_8.18 19：00-19_30_2025-08-18.txt,12,8.18 19：00-19:30,2025/08/18 19:21:13,Steve,male,没什么有经验的人压阵,10
chat_history_8.18 19：00-19_30_2025-08-18.txt,12,8.18 19：00-19:30,2025/08/18 19:21:23,Lily,female,确实不能指望厄德高吧,10
chat_history_8.18 19：00-19_30_2025-08-18.txt,12,8.18 19：00-19:30,2025/08/18 19:21:36,Lily,female,曼联前几年买的人太伤了,11
chat_history_8.18 19：00-19_30_2025-08-18.txt,12,8.18 19：00-19:30,2025/08/18 19:21:39,Steve,male,阿森纳吸引不了天才球员,11
chat_history_8.18 19：00-19_30_2025-08-18.txt,12,8.18 19：00-19:30,2025/08/18 19:21:44,Lily,female,我怕阿森纳病急乱投医,10
chat_history_8.18 19：00-19_30_2025-08-18.txt,12,8.18 19：00-19:30,2025/08/18 19:21:55,Zack,male,不过去年暴揍皇马 很感激阿森纳,15
chat_history_8.18 19：00-19_30_2025-08-18.txt,12,8.18 19：00-19:30,2025/08/18 19:21:58,Lily,female,感觉也没像利物浦那样拿下真正的好球员,18
chat_history_8.18 19：00-19_30_2025-08-18.txt,12,8.18 19：00-19:30,2025/08/18 19:22:01,Lily,female,除了赖斯,4
chat_history_8.18 19：00-19_30_2025-08-18.txt,12,8.18 19：00-19:30,2025/08/18 19:22:06,Zack,male,rice rice baby1,15
chat_history_8.18 19：00-19_30_2025-08-18.txt,12,8.18 19：00-19:30,2025/08/18 19:22:16,Lily,female,为啥阿森纳吸引不了,9
chat_history_8.18 19：00-19_30_2025-08-18.txt,12,8.18 19：00-19:30,2025/08/18 19:22:23,Lily,female,是气质还是俱乐部性格,10
chat_history_8.18 19：00-19_30_2025-08-18.txt,12,8.18 19：00-19:30,2025/08/18 19:22:27,Steve,male,我也没想到打爆皇马了,10
chat_history_8.18 19：00-19_30_2025-08-18.txt,12,8.18 19：00-19:30,2025/08/18 19:22:29,Zack,male,利物浦球探多,6
chat_history_8.18 19：00-19_30_2025-08-18.txt,12,8.18 19：00-19:30,2025/08/18 19:22:34,Steve,male,因为一开始穷,6
chat_history_8.18 19：00-19_30_2025-08-18.txt,12,8.18 19：00-19:30,2025/08/18 19:22:39,Steve,male,而且球员基础太差了,9
chat_history_8.18 19：00-19_30_2025-08-18.txt,12,8.18 19：00-19:30,2025/08/18 19:22:44,Lily,female,明明也是每年踢欧冠，也成绩一直很好,17
chat_history_8.18 19：00-19_30_2025-08-18.txt,12,8.18 19：00-19:30,2025/08/18 19:22:46,Zack,male,有的中层球探都被挖走去其他俱乐部当总监,19
chat_history_8.18 19：00-19_30_2025-08-18.txt,12,8.18 19：00-19:30,2025/08/18 19:22:49,Steve,male,没法争冠,4
chat_history_8.18 19：00-19_30_2025-08-18.txt,12,8.18 19：00-19:30,2025/08/18 19:22:49,Lily,female,这几年,3
chat_history_8.18 19：00-19_30_2025-08-18.txt,12,8.18 19：00-19:30,2025/08/18 19:22:58,Steve,male,所以才有年年争四的梗,10
chat_history_8.18 19：00-19_30_2025-08-18.txt,12,8.18 19：00-19:30,2025/08/18 19:23:06,Zack,male,利物浦上赛季萨拉赫爆了,11
chat_history_8.18 19：00-19_30_2025-08-18.txt,12,8.18 19：00-19:30,2025/08/18 19:23:07,Lily,female,底蕴论,3
chat_history_8.18 19：00-19_30_2025-08-18.txt,12,8.18 19：00-19:30,2025/08/18 19:23:10,Lily,female,打破不容易,5
chat_history_8.18 19：00-19_30_2025-08-18.txt,12,8.18 19：00-19:30,2025/08/18 19:23:18,Zack,male,这赛季肯定没这么爆种了 萨拉赫,15
chat_history_8.18 19：00-19_30_2025-08-18.txt,12,8.18 19：00-19:30,2025/08/18 19:23:19,Lily,female,巴萨再怎么财政问题还是有球员愿意去,17
chat_history_8.18 19：00-19_30_2025-08-18.txt,12,8.18 19：00-19:30,2025/08/18 19:23:27,Lily,female,之前德容死活不来曼联,10
chat_history_8.18 19：00-19_30_2025-08-18.txt,12,8.18 19：00-19:30,2025/08/18 19:23:39,Zack,male,皇马为冠军 巴萨为足球,11
chat_history_8.18 19：00-19_30_2025-08-18.txt,12,8.18 19：00-19:30,2025/08/18 19:23:41,Steve,male,阿森纳总体来说球迷和球风都性格偏软,17
chat_history_8.18 19：00-19_30_2025-08-18.txt,12,8.18 19：00-19:30,2025/08/18 19:23:53,Lily,female,喜欢曼联还是喜欢硬朗的风格,13
chat_history_8.18 19：00-19_30_2025-08-18.txt,12,8.18 19：00-19:30,2025/08/18 19:23:54,Steve,male,阿森纳球迷都不太爱多争辩,12
chat_history_8.18 19：00-19_30_2025-08-18.txt,12,8.18 19：00-19:30,2025/08/18 19:23:55,Zack,male,巴萨让很多年轻人发现踢球是靠脑子哈哈,18
chat_history_8.18 19：00-19_30_2025-08-18.txt,12,8.18 19：00-19:30,2025/08/18 19:24:03,Lily,female,我不知道原来阿森纳球迷也会自己这样评价,19
chat_history_8.18 19：00-19_30_2025-08-18.txt,12,8.18 19：00-19:30,2025/08/18 19:24:06,Zack,male,技术好一样可以进一线队,11
chat_history_8.18 19：00-19_30_2025-08-18.txt,12,8.18 19：00-19:30,2025/08/18 19:24:09,Lily,female,客观的就是感觉顶不上去,11
chat_history_8.18 19：00-19_30_2025-08-18.txt,12,8.18 19：00-19:30,2025/08/18 19:24:14,Lily,female,一口气差在那里,7
chat_history_8.18 19：00-19_30_2025-08-18.txt,12,8.18 19：00-19:30,2025/08/18 19:24:17,Lily,female,冠军就差这一口气,8
chat_history_8.18 19：00-19_30_2025-08-18.txt,12,8.18 19：00-19:30,2025/08/18 19:24:17,Steve,male,就是差一个铁血的人,9
chat_history_8.18 19：00-19_30_2025-08-18.txt,12,8.18 19：00-19:30,2025/08/18 19:24:33,Steve,male,我是觉得厄德高只适合锦上添花,14
chat_history_8.18 19：00-19_30_2025-08-18.txt,12,8.18 19：00-19:30,2025/08/18 19:24:44,Zack,male,把这个球队给温格,8
chat_history_8.18 19：00-19_30_2025-08-18.txt,12,8.18 19：00-19:30,2025/08/18 19:24:45,Steve,male,不适合雪中送炭,7
chat_history_8.18 19：00-19_30_2025-08-18.txt,12,8.18 19：00-19:30,2025/08/18 19:24:46,Lily,female,已经有人说厄德高是走的协和4+4了,17
chat_history_8.18 19：00-19_30_2025-08-18.txt,12,8.18 19：00-19:30,2025/08/18 19:24:50,Zack,male,我感觉联赛冠军问题不大,11
chat_history_8.18 19：00-19_30_2025-08-18.txt,12,8.18 19：00-19:30,2025/08/18 19:24:58,Lily,female,略微诈骗,4
chat_history_8.18 19：00-19_30_2025-08-18.txt,12,8.18 19：00-19:30,2025/08/18 19:25:15,Steve,male,主要尴尬的也是没什么比厄德高强的愿意来啊,20
chat_history_8.18 19：00-19_30_2025-08-18.txt,12,8.18 19：00-19:30,2025/08/18 19:25:17,Lily,female,感觉只有赖斯硬,7
chat_history_8.18 19：00-19_30_2025-08-18.txt,12,8.18 19：00-19:30,2025/08/18 19:25:38,Steve,male,其实阿森纳买了好多3000左右的水货,18
chat_history_8.18 19：00-19_30_2025-08-18.txt,12,8.18 19：00-19:30,2025/08/18 19:25:41,Lily,female,曼联成绩一年比一年差，偏偏球迷还一年比一年觉得有希望,26
chat_history_8.18 19：00-19_30_2025-08-18.txt,12,8.18 19：00-19:30,2025/08/18 19:25:44,Lily,female,有点搞笑的,5
chat_history_8.18 19：00-19_30_2025-08-18.txt,12,8.18 19：00-19:30,2025/08/18 19:25:47,Lily,female,感觉下蛊了,5
chat_history_8.18 19：00-19_30_2025-08-18.txt,12,8.18 19：00-19:30,2025/08/18 19:25:49,Steve,male,只是不像曼联一个多亿一个,12
chat_history_8.18 19：00-19_30_2025-08-18.txt,12,8.18 19：00-19:30,2025/08/18 19:25:58,Lily,female,看得上头,4
chat_history_8.18 19：00-19_30_2025-08-18.txt,12,8.18 19：00-19:30,2025/08/18 19:25:58,Steve,male,没那么引人注目,7
chat_history_8.18 19：00-19_30_2025-08-18.txt,12,8.18 19：00-19:30,2025/08/18 19:26:08,Lily,female,我感觉这几个赛季的亚军下来阿森纳球迷开始悲观了,23
chat_history_8.18 19：00-19_30_2025-08-18.txt,12,8.18 19：00-19:30,2025/08/18 19:26:09,Steve,male,曼联真的流量太大了哈哈哈哈,13
chat_history_8.18 19：00-19_30_2025-08-18.txt,12,8.18 19：00-19:30,2025/08/18 19:26:23,Lily,female,塔子压力太大了,7
chat_history_8.18 19：00-19_30_2025-08-18.txt,12,8.18 19：00-19:30,2025/08/18 19:26:28,Lily,female,偏偏感觉这赛季押错宝了,11
chat_history_8.18 19：00-19_30_2025-08-18.txt,12,8.18 19：00-19:30,2025/08/18 19:26:29,Steve,male,我觉得悲观的阿森纳球迷是新来的“冠军粉”,20
chat_history_8.18 19：00-19_30_2025-08-18.txt,12,8.18 19：00-19:30,2025/08/18 19:26:35,Steve,male,老球迷早就习惯了,8
chat_history_8.18 19：00-19_30_2025-08-18.txt,12,8.18 19：00-19:30,2025/08/18 19:26:43,Lily,female,好的,2
chat_history_8.18 19：00-19_30_2025-08-18.txt,12,8.18 19：00-19:30,2025/08/18 19:26:58,Steve,male,阿森纳美丽足球（手动狗头,12
chat_history_8.18 19：00-19_30_2025-08-18.txt,12,8.18 19：00-19:30,2025/08/18 19:26:58,Steve,male,阿森纳的财政状况相对三支球队最为良好，在社区服务中有卓越贡献，温格为代表的坚守对年轻人的发展有良好意义,51
chat_history_8.18 19：00-19_30_2025-08-18.txt,12,8.18 19：00-19:30,2025/08/18 19:26:58,Steve,male,库詹个人能力确实强,9
chat_history_8.18 19：00-19_30_2025-08-18.txt,12,8.18 19：00-19:30,2025/08/18 19:26:58,Steve,male,约克雷斯战术还需要适配,11
chat_history_8.18 19：00-19_30_2025-08-18.txt,12,8.18 19：00-19:30,2025/08/18 19:26:58,Steve,male,昨天曼联的战术打得可以,11
chat_history_8.18 19：00-19_30_2025-08-18.txt,12,8.18 19：00-19:30,2025/08/18 19:26:58,Steve,male,跳过中场连线，把胖虎的问题保护的很好,18
chat_history_8.18 19：00-19_30_2025-08-18.txt,12,8.18 19：00-19:30,2025/08/18 19:26:58,Steve,male,阿森纳的踢法问题在哪里,11
chat_history_8.18 19：00-19_30_2025-08-18.txt,12,8.18 19：00-19:30,2025/08/18 19:29:36,Lily,female,感觉还是缺少终结者,9
chat_history_8.18 19：00-19_30_2025-08-18.txt,12,8.18 19：00-19:30,2025/08/18 19:29:53,Lily,female,一部分球员能力不够,9
chat_history_8.18 19：00-19_30_2025-08-18.txt,12,8.18 19：00-19:30,2025/08/18 19:30:11,Zack,male,巴萨这赛季希望和巴黎分到一个小组，真想看看他们啥成色（狗头）,30
chat_history_8.18 19：00-19_30_2025-08-18.txt,12,8.18 19：00-19:30,2025/08/18 19:30:24,Lily,female,我现在觉得巴黎还是略胜一筹,13
chat_history_8.18 19：00-19_30_2025-08-18.txt,12,8.18 19：00-19:30,2025/08/18 19:30:39,Lily,female,看巴萨比赛非常激情,9
chat_history_8.18 19：00-19_30_2025-08-18.txt,12,8.18 19：00-19:30,2025/08/18 19:30:44,Zack,male,只要不是皇马夺冠啥都好说,12
chat_history_8.18 19：00-19_30_2025-08-18.txt,12,8.18 19：00-19:30,2025/08/18 19:30:45,Lily,female,但是经常冷不丁丢球很吓人,12
chat_history_8.18 19：00-19_30_2025-08-18.txt,12,8.18 19：00-19:30,2025/08/18 19:30:57,Zack,male,我甚至看好切尔西拉爆皇马,12
chat_history_8.18 19：00-19_30_2025-08-18.txt,12,8.18 19：00-19:30,2025/08/18 19:31:11,Zack,male,英超就是稍微克制马德里,11
chat_history_8.18 19：00-19_30_2025-08-18.txt,12,8.18 19：00-19:30,2025/08/18 19:31:12,Lily,female,切尔西地球保卫战,8
chat_history_8.18 19：00-19_30_2025-08-18.txt,12,8.18 19：00-19:30,2025/08/18 19:31:27,Zack,male,英超节奏比西甲快多了,10
chat_history_8.18 19：00-19_30_2025-08-18.txt,12,8.18 19：00-19:30,2025/08/18 19:32:14,Lily,female,所以圆神在西甲能踢在英超踢不了,15
chat_history_8.18 19：00-19_30_2025-08-18.txt,12,8.18 19：00-19:30,2025/08/18 19:32:31,Zack,male,希望各个球队这赛季都能更进一步吧,16
chat_history_8.18 19：00-19_30_2025-08-18.txt,12,8.18 19：00-19:30,2025/08/18 19:32:47,Zack,male,不介意阿森纳和巴萨踢决赛哈哈,14
chat_history_8.18 19：00-19_30_2025-08-18.txt,12,8.18 19：00-19:30,2025/08/18 19:33:17,Lily,female,阿森纳能不能关键时刻顶住,12
chat_history_8.18 19：00-19_30_2025-08-18.txt,12,8.18 19：00-19:30,2025/08/18 19:33:39,Lily,female,需要有精神意志极强的领导人物,14
chat_history_8.18 19：00-19_30_2025-08-18.txt,12,8.18 19：00-19:30,2025/08/18 19:34:01,Lily,female,祝大家的俱乐部这赛季都好都进步哈哈,17
chat_history_8.18 20：00-20_30_2025-08-18.txt,13,8.18 20：00-20:30,2025/08/18 19:56:33,Lily,female,所以你们觉得最好的球队的“好”的标准是什么呢？,23
chat_history_8.18 20：00-20_30_2025-08-18.txt,13,8.18 20：00-20:30,2025/08/18 19:56:38,Zack,male,okok,4
chat_history_8.18 20：00-20_30_2025-08-18.txt,13,8.18 20：00-20:30,2025/08/18 19:57:39,Zack,male,比赛成绩长期稳定，又能具备变现能力，我觉得现在最好的俱乐部是皇马,32
chat_history_8.18 20：00-20_30_2025-08-18.txt,13,8.18 20：00-20:30,2025/08/18 19:57:50,Zack,male,虽然我是曼联球迷,8
chat_history_8.18 20：00-20_30_2025-08-18.txt,13,8.18 20：00-20:30,2025/08/18 19:57:53,Steve,male,这个很难定义吧 得综合来看,13
chat_history_8.18 20：00-20_30_2025-08-18.txt,13,8.18 20：00-20:30,2025/08/18 19:58:00,Steve,male,我也认为是皇马,7
chat_history_8.18 20：00-20_30_2025-08-18.txt,13,8.18 20：00-20:30,2025/08/18 19:58:05,Lily,female,的确，我认为从商业角度和历史成绩角度来说都是皇马,24
chat_history_8.18 20：00-20_30_2025-08-18.txt,13,8.18 20：00-20:30,2025/08/18 19:58:35,Zack,male,讨论结束了?哈哈哈哈哈哈,12
chat_history_8.18 20：00-20_30_2025-08-18.txt,13,8.18 20：00-20:30,2025/08/18 19:58:40,Steve,male,很自然地达成了公示,9
chat_history_8.18 20：00-20_30_2025-08-18.txt,13,8.18 20：00-20:30,2025/08/18 19:58:45,Lily,female,哈哈哈哈哈哈哈哈那不是还有第二问嘛,17
chat_history_8.18 20：00-20_30_2025-08-18.txt,13,8.18 20：00-20:30,2025/08/18 19:58:48,Steve,male,共识,2
chat_history_8.18 20：00-20_30_2025-08-18.txt,13,8.18 20：00-20:30,2025/08/18 19:58:58,Lily,female,最伟大的足球哲学,8
chat_history_8.18 20：00-20_30_2025-08-18.txt,13,8.18 20：00-20:30,2025/08/18 19:59:01,Steve,male,他们显然没有,6
chat_history_8.18 20：00-20_30_2025-08-18.txt,13,8.18 20：00-20:30,2025/08/18 19:59:17,Lily,female,哈哈哈哈哈哈哈哈同意,10
chat_history_8.18 20：00-20_30_2025-08-18.txt,13,8.18 20：00-20:30,2025/08/18 19:59:33,Steve,male,皇马最突出的足球哲学不就是犯规+裁判吗,19
chat_history_8.18 20：00-20_30_2025-08-18.txt,13,8.18 20：00-20:30,2025/08/18 19:59:52,Zack,male,我觉得这个有失偏颇,9
chat_history_8.18 20：00-20_30_2025-08-18.txt,13,8.18 20：00-20:30,2025/08/18 20:00:04,Steve,male,三位的主队都曾是受害人,11
chat_history_8.18 20：00-20_30_2025-08-18.txt,13,8.18 20：00-20:30,2025/08/18 20:00:26,Lily,female,犯规+裁判我觉得，打问号吧,13
chat_history_8.18 20：00-20_30_2025-08-18.txt,13,8.18 20：00-20:30,2025/08/18 20:00:31,Zack,male,皇马的哲学是俱乐部赢球大于一切,15
chat_history_8.18 20：00-20_30_2025-08-18.txt,13,8.18 20：00-20:30,2025/08/18 20:00:47,Zack,male,全世界买对的人,7
chat_history_8.18 20：00-20_30_2025-08-18.txt,13,8.18 20：00-20:30,2025/08/18 20:00:56,Lily,female,但是要说有什么足球哲学，我觉得就是追求赢，但是不计较方法，可以是各种,34
chat_history_8.18 20：00-20_30_2025-08-18.txt,13,8.18 20：00-20:30,2025/08/18 20:00:59,Zack,male,没有什么特别历史情节,10
chat_history_8.18 20：00-20_30_2025-08-18.txt,13,8.18 20：00-20:30,2025/08/18 20:01:03,Zack,male,对,1
chat_history_8.18 20：00-20_30_2025-08-18.txt,13,8.18 20：00-20:30,2025/08/18 20:01:07,Lily,female,但是放在足球本身来说,10
chat_history_8.18 20：00-20_30_2025-08-18.txt,13,8.18 20：00-20:30,2025/08/18 20:01:10,Steve,male,是这样的,4
chat_history_8.18 20：00-20_30_2025-08-18.txt,13,8.18 20：00-20:30,2025/08/18 20:01:15,Zack,male,我也觉得，特别是这几年,11
chat_history_8.18 20：00-20_30_2025-08-18.txt,13,8.18 20：00-20:30,2025/08/18 20:01:33,Zack,male,从来不需要标榜自己的青训啥的,14
chat_history_8.18 20：00-20_30_2025-08-18.txt,13,8.18 20：00-20:30,2025/08/18 20:01:37,Lily,female,没有那种像是瓜式或者克式这样的，能推动革新的,22
chat_history_8.18 20：00-20_30_2025-08-18.txt,13,8.18 20：00-20:30,2025/08/18 20:02:03,Steve,male,克其实没啥哲学,7
chat_history_8.18 20：00-20_30_2025-08-18.txt,13,8.18 20：00-20:30,2025/08/18 20:02:06,Lily,female,没有一种风格的感觉,9
chat_history_8.18 20：00-20_30_2025-08-18.txt,13,8.18 20：00-20:30,2025/08/18 20:02:21,Steve,male,反击加高位压迫很早就有了,12
chat_history_8.18 20：00-20_30_2025-08-18.txt,13,8.18 20：00-20:30,2025/08/18 20:02:25,Lily,female,就是，克我觉得是有风格的,12
chat_history_8.18 20：00-20_30_2025-08-18.txt,13,8.18 20：00-20:30,2025/08/18 20:02:31,Lily,female,倒不是说哲学之类的,9
chat_history_8.18 20：00-20_30_2025-08-18.txt,13,8.18 20：00-20:30,2025/08/18 20:02:49,Steve,male,对 就是风格,6
chat_history_8.18 20：00-20_30_2025-08-18.txt,13,8.18 20：00-20:30,2025/08/18 20:02:54,Lily,female,别的球队会有DNA的概念,12
chat_history_8.18 20：00-20_30_2025-08-18.txt,13,8.18 20：00-20:30,2025/08/18 20:03:06,Lily,female,风格就是DNA的一种表现形式嘛,15
chat_history_8.18 20：00-20_30_2025-08-18.txt,13,8.18 20：00-20:30,2025/08/18 20:03:18,Lily,female,但是皇马就是，很奇妙，也没有这种很独特的感觉,22
chat_history_8.18 20：00-20_30_2025-08-18.txt,13,8.18 20：00-20:30,2025/08/18 20:03:36,Zack,male,其实我觉得这些都是媒体标榜的吧,15
chat_history_8.18 20：00-20_30_2025-08-18.txt,13,8.18 20：00-20:30,2025/08/18 20:03:36,Steve,male,皇马的任何高光都没有靠DNA过,15
chat_history_8.18 20：00-20_30_2025-08-18.txt,13,8.18 20：00-20:30,2025/08/18 20:04:02,Zack,male,阿森纳的美丽足球,8
chat_history_8.18 20：00-20_30_2025-08-18.txt,13,8.18 20：00-20:30,2025/08/18 20:04:13,Zack,male,比较出名吧，现在也不会打了,13
chat_history_8.18 20：00-20_30_2025-08-18.txt,13,8.18 20：00-20:30,2025/08/18 20:04:37,Steve,male,但媒体一般也是根据场上表现概括的,16
chat_history_8.18 20：00-20_30_2025-08-18.txt,13,8.18 20：00-20:30,2025/08/18 20:04:50,Steve,male,皇马除了华尼托精神没有别的了,14
chat_history_8.18 20：00-20_30_2025-08-18.txt,13,8.18 20：00-20:30,2025/08/18 20:05:08,Lily,female,阿森纳的话，我觉得是塔子哥有点入魔了（跑题,21
chat_history_8.18 20：00-20_30_2025-08-18.txt,13,8.18 20：00-20:30,2025/08/18 20:05:31,Steve,male,媒体和球迷都知道事实是怎样的,14
chat_history_8.18 20：00-20_30_2025-08-18.txt,13,8.18 20：00-20:30,2025/08/18 20:06:02,Zack,male,我觉得媒体和球迷都不知道是怎么样的，就喜欢简单概括吧,26
chat_history_8.18 20：00-20_30_2025-08-18.txt,13,8.18 20：00-20:30,2025/08/18 20:06:47,Steve,male,但场上显示出来的确实很直观,13
chat_history_8.18 20：00-20_30_2025-08-18.txt,13,8.18 20：00-20:30,2025/08/18 20:06:53,Lily,female,但是肯定要有一个能概括出来的点,15
chat_history_8.18 20：00-20_30_2025-08-18.txt,13,8.18 20：00-20:30,2025/08/18 20:07:07,Lily,female,我靠时间好快,6
chat_history_8.18 20：00-20_30_2025-08-18.txt,13,8.18 20：00-20:30,2025/08/18 20:07:11,Steve,male,比如媒体喜欢抹黑马奎但球迷都知道不是这样,20
chat_history_8.18 20：00-20_30_2025-08-18.txt,13,8.18 20：00-20:30,2025/08/18 20:07:36,Steve,male,其实两分钟就讨论完了（笑）,13
chat_history_8.18 20：00-20_30_2025-08-18.txt,13,8.18 20：00-20:30,2025/08/18 20:07:45,Lily,female,所以咱们对皇马的足球哲学毫无理解hhh,19
chat_history_8.18 20：00-20_30_2025-08-18.txt,13,8.18 20：00-20:30,2025/08/18 20:07:49,Zack,male,我觉得球迷大多数图个乐子，95%的人看不懂，图个气氛,26
chat_history_8.18 20：00-20_30_2025-08-18.txt,13,8.18 20：00-20:30,2025/08/18 20:07:56,Zack,male,赢球就完事了,6
chat_history_8.18 20：00-20_30_2025-08-18.txt,13,8.18 20：00-20:30,2025/08/18 20:08:04,Steve,male,这点认可,4
chat_history_8.18 20：00-20_30_2025-08-18.txt,13,8.18 20：00-20:30,2025/08/18 20:08:08,Lily,female,害毕竟不是从业者嘛,9
chat_history_8.18 20：00-20_30_2025-08-18.txt,13,8.18 20：00-20:30,2025/08/18 20:08:13,Lily,female,干就完了,4
chat_history_8.18 20：00-20_30_2025-08-18.txt,13,8.18 20：00-20:30,2025/08/18 20:08:17,Zack,male,皇马的足球哲学应该是经营哲学,14
chat_history_8.18 20：00-20_30_2025-08-18.txt,13,8.18 20：00-20:30,2025/08/18 20:08:19,Lily,female,赢球爽一周,5
chat_history_8.18 20：00-20_30_2025-08-18.txt,13,8.18 20：00-20:30,2025/08/18 20:08:35,Lily,female,诶我赞成经营哲学,8
chat_history_8.18 20：00-20_30_2025-08-18.txt,13,8.18 20：00-20:30,2025/08/18 20:08:48,Lily,female,还是商业化逻辑,7
chat_history_8.18 20：00-20_30_2025-08-18.txt,13,8.18 20：00-20:30,2025/08/18 20:08:58,Steve,male,经营用的很好,6
chat_history_8.18 20：00-20_30_2025-08-18.txt,13,8.18 20：00-20:30,2025/08/18 20:09:14,Zack,male,hhh，我觉得难听点说句，大家都是冠军粉，还好我们没有阿森纳球迷,32
chat_history_8.18 20：00-20_30_2025-08-18.txt,13,8.18 20：00-20:30,2025/08/18 20:09:23,Steve,male,场上场下都是生意,8
chat_history_8.18 20：00-20_30_2025-08-18.txt,13,8.18 20：00-20:30,2025/08/18 20:09:32,Zack,male,只不过切入足球的时间不一样，喜欢的队不一样,21
chat_history_8.18 20：00-20_30_2025-08-18.txt,13,8.18 20：00-20:30,2025/08/18 20:09:52,Steve,male,冠军粉才吸引入坑嘛,9
chat_history_8.18 20：00-20_30_2025-08-18.txt,13,8.18 20：00-20:30,2025/08/18 20:09:55,Steve,male,没问题,3
chat_history_8.18 20：00-20_30_2025-08-18.txt,13,8.18 20：00-20:30,2025/08/18 20:10:04,Lily,female,谁不爱看赢球啊hhh,10
chat_history_8.18 20：00-20_30_2025-08-18.txt,13,8.18 20：00-20:30,2025/08/18 20:10:05,Zack,male,皇马能一直保持住，真的很强，而且赚钱,18
chat_history_8.18 20：00-20_30_2025-08-18.txt,13,8.18 20：00-20:30,2025/08/18 20:10:21,Lily,female,皇马从这个角度来看真是，把经营玩出花了,19
chat_history_8.18 20：00-20_30_2025-08-18.txt,13,8.18 20：00-20:30,2025/08/18 20:10:21,Steve,male,大家看球也是放松,8
chat_history_8.18 20：00-20_30_2025-08-18.txt,13,8.18 20：00-20:30,2025/08/18 20:10:27,Steve,male,皇马没什么低谷,7
chat_history_8.18 20：00-20_30_2025-08-18.txt,13,8.18 20：00-20:30,2025/08/18 20:10:59,Steve,male,皇马&经营哲学 thats all,17
chat_history_8.18 20：00-20_30_2025-08-18.txt,13,8.18 20：00-20:30,2025/08/18 20:11:07,Lily,female,+1,2
chat_history_8.18 20：00-20_30_2025-08-18.txt,13,8.18 20：00-20:30,2025/08/18 20:11:14,Zack,male,同意,2
chat_history_8.18 20：00-20_30_2025-08-18.txt,13,8.18 20：00-20:30,2025/08/18 20:11:19,Steve,male,希望AI别学皇马,8
chat_history_8.18 20：00-20_30_2025-08-18.txt,13,8.18 20：00-20:30,2025/08/18 20:11:55,Zack,male,我还没看懂这个AI是为了解决什么问题hhh,21
chat_history_8.18 20：00-20_30_2025-08-18.txt,13,8.18 20：00-20:30,2025/08/18 20:13:54,Steve,male,纯机器学习吧,6
chat_history_8.18 20：00-20_30_2025-08-18.txt,13,8.18 20：00-20:30,2025/08/18 20:14:06,Steve,male,可能为了掌控什么论坛的,11
chat_history_8.18 20：00-20_30_2025-08-18.txt,13,8.18 20：00-20:30,2025/08/18 20:14:16,Steve,male,我们是样本喂给他,8
chat_history_8.18 20：00-20_30_2025-08-18.txt,13,8.18 20：00-20:30,2025/08/18 20:14:27,Zack,male,可能是,3
chat_history_8.18 20：00-20_30_2025-08-18.txt,13,8.18 20：00-20:30,2025/08/18 20:14:33,Zack,male,不太懂这方面,6
chat_history_8.18 20：00-20_30_2025-08-18.txt,13,8.18 20：00-20:30,2025/08/18 20:14:47,Zack,male,我感觉这次交流还挺友好愉快的,14
chat_history_8.18 20：00-20_30_2025-08-18.txt,13,8.18 20：00-20:30,2025/08/18 20:14:57,Steve,male,确实 选题很清晰,8
chat_history_8.18 20：00-20_30_2025-08-18.txt,13,8.18 20：00-20:30,2025/08/18 20:15:03,Steve,male,没有很爆的点,6
chat_history_8.18 20：00-20_30_2025-08-18.txt,13,8.18 20：00-20:30,2025/08/18 20:15:14,Zack,male,没有感觉需要AI介入的地方hhh,16
chat_history_8.18 20：00-20_30_2025-08-18.txt,13,8.18 20：00-20:30,2025/08/18 20:15:28,Steve,male,同意,2
chat_history_8.18 20：00-20_30_2025-08-18.txt,13,8.18 20：00-20:30,2025/08/18 20:15:55,Zack,male,可能本意应该是我们几个都各说各的队宇宙最强,21
chat_history_8.18 20：00-20_30_2025-08-18.txt,13,8.18 20：00-20:30,2025/08/18 20:16:00,Steve,male,来个什么曼联和曼城谁更伟大说不定就需要了,20
chat_history_8.18 20：00-20_30_2025-08-18.txt,13,8.18 20：00-20:30,2025/08/18 20:16:10,Zack,male,哈哈哈哈哈哈哈哈，是的,11
chat_history_8.18 20：00-20_30_2025-08-18.txt,13,8.18 20：00-20:30,2025/08/18 20:16:22,Steve,male,有可能 本意希望吵起来然后介入,15
chat_history_8.18 20：00-20_30_2025-08-18.txt,13,8.18 20：00-20:30,2025/08/18 20:16:25,Lily,female,那曼城可不敢说很伟大了哈哈哈哈哈哈哈哈,19
chat_history_8.18 20：00-20_30_2025-08-18.txt,13,8.18 20：00-20:30,2025/08/18 20:16:42,Steve,male,不至于,3
chat_history_8.18 20：00-20_30_2025-08-18.txt,13,8.18 20：00-20:30,2025/08/18 20:16:53,Steve,male,3223是划时代的发明,11
chat_history_8.18 20：00-20_30_2025-08-18.txt,13,8.18 20：00-20:30,2025/08/18 20:18:06,Zack,male,战术阵型变化的很快,9
chat_history_8.18 20：00-20_30_2025-08-18.txt,13,8.18 20：00-20:30,2025/08/18 20:19:24,Zack,male,曼城转折的开始还是金主爸爸换了,15
chat_history_8.18 20：00-20_30_2025-08-18.txt,13,8.18 20：00-20:30,2025/08/18 20:20:01,Steve,male,对的 太重要了,7
chat_history_8.18 20：00-20_30_2025-08-18.txt,13,8.18 20：00-20:30,2025/08/18 20:20:15,Steve,male,瓜也很重要,5
chat_history_8.18 20：00-20_30_2025-08-18.txt,13,8.18 20：00-20:30,2025/08/18 20:20:34,Zack,male,猛的开始，还不是乱投，又有瓜瓜加持，现在才能保持住,25
chat_history_8.18 20：00-20_30_2025-08-18.txt,13,8.18 20：00-20:30,2025/08/18 20:20:47,Steve,male,对,1
chat_history_8.18 20：00-20_30_2025-08-18.txt,13,8.18 20：00-20:30,2025/08/18 20:21:11,Steve,male,未来也会充满竞争力+稳定,12
chat_history_8.18 20：00-20_30_2025-08-18.txt,13,8.18 20：00-20:30,2025/08/18 20:22:15,Zack,male,英超还是有钱啊，这么多队竞争，还有这么多球星,22
chat_history_8.18 20：00-20_30_2025-08-18.txt,13,8.18 20：00-20:30,2025/08/18 20:22:36,Steve,male,第一联赛毋庸置疑,8
chat_history_8.18 20：00-20_30_2025-08-18.txt,13,8.18 20：00-20:30,2025/08/18 20:24:45,Zack,male,对于中国球迷来说，凑热闹还是凑个大热闹好,20
chat_history_8.18 20：00-20_30_2025-08-18.txt,13,8.18 20：00-20:30,2025/08/18 20:25:10,Zack,male,曼联低谷的时候还是觉得，这俱乐部离我太远了,21
chat_history_8.18 20：00-20_30_2025-08-18.txt,13,8.18 20：00-20:30,2025/08/18 20:25:35,Steve,male,对的,2
chat_history_8.18 20：00-20_30_2025-08-18.txt,13,8.18 20：00-20:30,2025/08/18 20:25:54,Steve,male,这些球队永远比不上家乡的球队有归属感,18
chat_history_8.18 20：00-20_30_2025-08-18.txt,13,8.18 20：00-20:30,2025/08/18 20:26:24,Zack,male,江苏现在就比较幸福,9
chat_history_8.18 20：00-20_30_2025-08-18.txt,13,8.18 20：00-20:30,2025/08/18 20:27:34,Steve,male,对 希望其他省份也跟上,11
chat_history_8.18 20：00-20_30_2025-08-18.txt,13,8.18 20：00-20:30,2025/08/18 20:30:24,Zack,male,还是不能体育局甘,8
chat_history_8.18 20：00-20_30_2025-08-18.txt,13,8.18 20：00-20:30,2025/08/18 20:30:27,Zack,male,干,1
chat_history_8.18 20：00-20_30_2025-08-18.txt,13,8.18 20：00-20:30,2025/08/18 20:31:38,Steve,male,对 不是商业化和政治化,11
chat_history_8.18 20：00-20_30_2025-08-18.txt,13,8.18 20：00-20:30,2025/08/18 20:33:22,Zack,male,不是全员,4
chat_history_8.18 20：00-20_30_2025-08-18.txt,13,8.18 20：00-20:30,2025/08/18 20:33:32,Zack,male,不是全运化,5
chat_history_8.18 20：00-20_30_2025-08-18.txt,13,8.18 20：00-20:30,2025/08/18 20:35:40,Steve,male,今天聊的很开心 先下啦,11
chat_history_8.18 21：00-21_30_2025-08-18.txt,17,8.18 21：00-21:30,2025/08/18 21:25:36,Steve,male,进来了,3
chat_history_8.18 21：00-21_30_2025-08-18.txt,17,8.18 21：00-21:30,2025/08/18 21:26:36,Zack,male,进来了,3
chat_history_8.18 21：00-21_30_2025-08-18.txt,17,8.18 21：00-21:30,2025/08/18 21:27:10,Steve,male,女生是哪队球迷呀,8
chat_history_8.18 21：00-21_30_2025-08-18.txt,17,8.18 21：00-21:30,2025/08/18 21:27:16,Steve,male,我们俩刚才已经聊了一会了,12
chat_history_8.18 21：00-21_30_2025-08-18.txt,17,8.18 21：00-21:30,2025/08/18 21:27:47,Zack,male,可能是我看球时间比较短，才看了12年,18
chat_history_8.18 21：00-21_30_2025-08-18.txt,17,8.18 21：00-21:30,2025/08/18 21:28:03,Steve,male,挺长的了,4
chat_history_8.18 21：00-21_30_2025-08-18.txt,17,8.18 21：00-21:30,2025/08/18 21:28:05,Steve,male,我也一样,4
chat_history_8.18 21：00-21_30_2025-08-18.txt,17,8.18 21：00-21:30,2025/08/18 21:28:10,Steve,male,跟你差不多,5
chat_history_8.18 21：00-21_30_2025-08-18.txt,17,8.18 21：00-21:30,2025/08/18 21:28:15,Zack,male,所以，我更多是从现代足球聊,13
chat_history_8.18 21：00-21_30_2025-08-18.txt,17,8.18 21：00-21:30,2025/08/18 21:28:19,Zack,male,对于上古大神,6
chat_history_8.18 21：00-21_30_2025-08-18.txt,17,8.18 21：00-21:30,2025/08/18 21:28:37,Steve,male,那你评判的时间段是什么,11
chat_history_8.18 21：00-21_30_2025-08-18.txt,17,8.18 21：00-21:30,2025/08/18 21:28:53,Zack,male,我保持敬畏，但是放到现代足球更偏向整体,19
chat_history_8.18 21：00-21_30_2025-08-18.txt,17,8.18 21：00-21:30,2025/08/18 21:29:11,Zack,male,个人能力的确重要,8
chat_history_8.18 21：00-21_30_2025-08-18.txt,17,8.18 21：00-21:30,2025/08/18 21:29:33,Zack,male,如果更加团体的足球反倒更有能力,15
chat_history_8.18 21：00-21_30_2025-08-18.txt,17,8.18 21：00-21:30,2025/08/18 21:29:42,Steve,male,你评判的时间段是什么,10
chat_history_8.18 21：00-21_30_2025-08-18.txt,17,8.18 21：00-21:30,2025/08/18 21:29:48,Steve,male,我按照你的喜好来,8
chat_history_8.18 21：00-21_30_2025-08-18.txt,17,8.18 21：00-21:30,2025/08/18 21:30:06,Steve,male,你不是不喜欢按照我的来评吗,13
chat_history_8.18 21：00-21_30_2025-08-18.txt,17,8.18 21：00-21:30,2025/08/18 21:30:13,Zack,male,21世纪之后吧,7
chat_history_8.18 21：00-21_30_2025-08-18.txt,17,8.18 21：00-21:30,2025/08/18 21:30:23,Zack,male,因为我对于之前的确看的比较少,14
chat_history_8.18 21：00-21_30_2025-08-18.txt,17,8.18 21：00-21:30,2025/08/18 21:30:29,Steve,male,皇马曼联巴萨,6
chat_history_8.18 21：00-21_30_2025-08-18.txt,17,8.18 21：00-21:30,2025/08/18 21:30:34,Steve,male,那我直接给出答案,8
chat_history_8.18 21：00-21_30_2025-08-18.txt,17,8.18 21：00-21:30,2025/08/18 21:30:44,Steve,male,皇马不说了,5
chat_history_8.18 21：00-21_30_2025-08-18.txt,17,8.18 21：00-21:30,2025/08/18 21:30:49,Steve,male,欧冠有目共睹,6
chat_history_8.18 21：00-21_30_2025-08-18.txt,17,8.18 21：00-21:30,2025/08/18 21:30:56,Steve,male,曼联欧冠只有一个,8
chat_history_8.18 21：00-21_30_2025-08-18.txt,17,8.18 21：00-21:30,2025/08/18 21:30:58,张三,female,哈喽,2
chat_history_8.18 21：00-21_30_2025-08-18.txt,17,8.18 21：00-21:30,2025/08/18 21:31:08,Zack,male,来啦,2
chat_history_8.18 21：00-21_30_2025-08-18.txt,17,8.18 21：00-21:30,2025/08/18 21:31:09,Steve,male,但14年前统治了英超,10
chat_history_8.18 21：00-21_30_2025-08-18.txt,17,8.18 21：00-21:30,2025/08/18 21:31:13,Steve,male,终于来了,4
chat_history_8.18 21：00-21_30_2025-08-18.txt,17,8.18 21：00-21:30,2025/08/18 21:31:19,Steve,male,巴萨的话,4
chat_history_8.18 21：00-21_30_2025-08-18.txt,17,8.18 21：00-21:30,2025/08/18 21:31:32,Steve,male,那个男人把他带到了一个高度,13
chat_history_8.18 21：00-21_30_2025-08-18.txt,17,8.18 21：00-21:30,2025/08/18 21:31:34,张三,female,哈哈哈哈哈，卡住了之前,11
chat_history_8.18 21：00-21_30_2025-08-18.txt,17,8.18 21：00-21:30,2025/08/18 21:31:37,Zack,male,瓜迪奥拉,4
chat_history_8.18 21：00-21_30_2025-08-18.txt,17,8.18 21：00-21:30,2025/08/18 21:31:41,Steve,male,不是,2
chat_history_8.18 21：00-21_30_2025-08-18.txt,17,8.18 21：00-21:30,2025/08/18 21:31:43,Steve,male,梅西,2
chat_history_8.18 21：00-21_30_2025-08-18.txt,17,8.18 21：00-21:30,2025/08/18 21:31:48,Zack,male,哈哈哈哈哈哈,6
chat_history_8.18 21：00-21_30_2025-08-18.txt,17,8.18 21：00-21:30,2025/08/18 21:32:08,Zack,male,梅西也算是把巴萨带到了不属于他们的高度,19
chat_history_8.18 21：00-21_30_2025-08-18.txt,17,8.18 21：00-21:30,2025/08/18 21:32:50,Steve,male,是的,2
chat_history_8.18 21：00-21_30_2025-08-18.txt,17,8.18 21：00-21:30,2025/08/18 21:32:59,Steve,male,女生可以一起讨论哈,9
chat_history_8.18 21：00-21_30_2025-08-18.txt,17,8.18 21：00-21:30,2025/08/18 21:33:05,Zack,male,皇马的话，感觉c罗的能力更偏向团体一点，比起梅西更多是寻求配合,31
chat_history_8.18 21：00-21_30_2025-08-18.txt,17,8.18 21：00-21:30,2025/08/18 21:33:14,Steve,male,咱们讨论的不是球队吗,10
chat_history_8.18 21：00-21_30_2025-08-18.txt,17,8.18 21：00-21:30,2025/08/18 21:33:39,张三,female,OKOK了解,6
chat_history_8.18 21：00-21_30_2025-08-18.txt,17,8.18 21：00-21:30,2025/08/18 21:33:40,Zack,male,顺真的，弗洛伦蒂诺的巨星政策的确可以,18
chat_history_8.18 21：00-21_30_2025-08-18.txt,17,8.18 21：00-21:30,2025/08/18 21:34:03,Zack,male,曼联的话有点不太苟同,10
chat_history_8.18 21：00-21_30_2025-08-18.txt,17,8.18 21：00-21:30,2025/08/18 21:34:20,Zack,male,14年之后的竞争力明显不行,13
chat_history_8.18 21：00-21_30_2025-08-18.txt,17,8.18 21：00-21:30,2025/08/18 21:34:44,张三,female,这个事曼城先滚蛋了呢,10
chat_history_8.18 21：00-21_30_2025-08-18.txt,17,8.18 21：00-21:30,2025/08/18 21:34:51,Zack,male,弗格森的退休直接把球队给弄迷茫了,16
chat_history_8.18 21：00-21_30_2025-08-18.txt,17,8.18 21：00-21:30,2025/08/18 21:34:57,Zack,male,啊，你是曼城的啊,8
chat_history_8.18 21：00-21_30_2025-08-18.txt,17,8.18 21：00-21:30,2025/08/18 21:35:25,张三,female,想跑路了，主要是人迷,10
chat_history_8.18 21：00-21_30_2025-08-18.txt,17,8.18 21：00-21:30,2025/08/18 21:35:34,Zack,male,谁的,2
chat_history_8.18 21：00-21_30_2025-08-18.txt,17,8.18 21：00-21:30,2025/08/18 21:35:40,张三,female,KDB,3
chat_history_8.18 21：00-21_30_2025-08-18.txt,17,8.18 21：00-21:30,2025/08/18 21:36:09,Zack,male,那要换队咯,5
chat_history_8.18 21：00-21_30_2025-08-18.txt,17,8.18 21：00-21:30,2025/08/18 21:36:21,张三,female,yep,3
chat_history_8.18 21：00-21_30_2025-08-18.txt,17,8.18 21：00-21:30,2025/08/18 21:36:24,Zack,male,我记得去意甲了吧,8
chat_history_8.18 21：00-21_30_2025-08-18.txt,17,8.18 21：00-21:30,2025/08/18 21:37:10,Zack,male,我觉得还得是皇萨仁,9
chat_history_8.18 21：00-21_30_2025-08-18.txt,17,8.18 21：00-21:30,2025/08/18 21:37:12,Zack,male,哈哈哈哈哈哈,6
chat_history_8.18 21：00-21_30_2025-08-18.txt,17,8.18 21：00-21:30,2025/08/18 21:37:28,张三,female,哈哈哈哈哈哈吃上好的了，大家主队哪个来的？,21
chat_history_8.18 21：00-21_30_2025-08-18.txt,17,8.18 21：00-21:30,2025/08/18 21:37:38,Zack,male,我是拜仁,4
chat_history_8.18 21：00-21_30_2025-08-18.txt,17,8.18 21：00-21:30,2025/08/18 21:37:40,张三,female,我觉得是,4
chat_history_8.18 21：00-21_30_2025-08-18.txt,17,8.18 21：00-21:30,2025/08/18 21:37:44,Steve,male,我是切尔西球迷,7
chat_history_8.18 21：00-21_30_2025-08-18.txt,17,8.18 21：00-21:30,2025/08/18 21:37:46,Zack,male,他是车子,4
chat_history_8.18 21：00-21_30_2025-08-18.txt,17,8.18 21：00-21:30,2025/08/18 21:37:56,张三,female,其他的有点太勉强了,9
chat_history_8.18 21：00-21_30_2025-08-18.txt,17,8.18 21：00-21:30,2025/08/18 21:38:08,Zack,male,遥想方面车毁仁亡,8
chat_history_8.18 21：00-21_30_2025-08-18.txt,17,8.18 21：00-21:30,2025/08/18 21:38:11,Zack,male,这个梗,3
chat_history_8.18 21：00-21_30_2025-08-18.txt,17,8.18 21：00-21:30,2025/08/18 21:38:40,Zack,male,现在的皇马也有点拉了,10
chat_history_8.18 21：00-21_30_2025-08-18.txt,17,8.18 21：00-21:30,2025/08/18 21:38:46,Zack,male,位置重叠太多了,7
chat_history_8.18 21：00-21_30_2025-08-18.txt,17,8.18 21：00-21:30,2025/08/18 21:38:54,Zack,male,缺少高中锋，右边锋,9
chat_history_8.18 21：00-21_30_2025-08-18.txt,17,8.18 21：00-21:30,2025/08/18 21:39:31,Zack,male,姆总和维尼修斯都在左，中场没有发牌器，一言难尽呀,24
chat_history_8.18 21：00-21_30_2025-08-18.txt,17,8.18 21：00-21:30,2025/08/18 21:39:43,Zack,male,当年金边罗时期,7
chat_history_8.18 21：00-21_30_2025-08-18.txt,17,8.18 21：00-21:30,2025/08/18 21:39:56,Zack,male,太均衡了,4
chat_history_8.18 21：00-21_30_2025-08-18.txt,17,8.18 21：00-21:30,2025/08/18 21:40:25,Zack,male,当年的死人可是能把卡卡按在替补席的,17
chat_history_8.18 21：00-21_30_2025-08-18.txt,17,8.18 21：00-21:30,2025/08/18 21:40:52,张三,female,说起卡卡，确实好可惜】,11
chat_history_8.18 21：00-21_30_2025-08-18.txt,17,8.18 21：00-21:30,2025/08/18 21:41:27,Zack,male,对啊,2
chat_history_8.18 21：00-21_30_2025-08-18.txt,17,8.18 21：00-21:30,2025/08/18 21:41:33,Zack,male,还是伤病,4
chat_history_8.18 21：00-21_30_2025-08-18.txt,17,8.18 21：00-21:30,2025/08/18 21:41:40,Zack,male,所以，对于一个球星,9
chat_history_8.18 21：00-21_30_2025-08-18.txt,17,8.18 21：00-21:30,2025/08/18 21:41:51,Zack,male,不容易受伤其实是基础,10
chat_history_8.18 21：00-21_30_2025-08-18.txt,17,8.18 21：00-21:30,2025/08/18 21:42:41,Zack,male,如果容易受伤，高度就很难达到，最有例子的我哭的是罗伊斯,27
chat_history_8.18 21：00-21_30_2025-08-18.txt,17,8.18 21：00-21:30,2025/08/18 21:43:07,Zack,male,罗伊斯要是没有受伤，高度至少和莱万一个级别,21
chat_history_8.18 21：00-21_30_2025-08-18.txt,17,8.18 21：00-21:30,2025/08/18 21:43:18,Zack,male,咋就我一个人说话捏,9
chat_history_8.18 21：00-21_30_2025-08-18.txt,17,8.18 21：00-21:30,2025/08/18 21:43:44,张三,female,哈哈哈哈哈哈哈感觉嘎嘎的,12
chat_history_8.18 21：00-21_30_2025-08-18.txt,17,8.18 21：00-21:30,2025/08/18 21:43:51,Zack,male,哈哈哈哈哈哈,6
chat_history_8.18 21：00-21_30_2025-08-18.txt,17,8.18 21：00-21:30,2025/08/18 21:43:56,张三,female,我不知道说啥哈哈哈哈,10
chat_history_8.18 21：00-21_30_2025-08-18.txt,17,8.18 21：00-21:30,2025/08/18 21:44:08,Zack,male,新世纪我觉得还是皇萨仁更有统治力,16
chat_history_8.18 21：00-21_30_2025-08-18.txt,17,8.18 21：00-21:30,2025/08/18 21:44:13,Zack,male,虽然拜仁现在也不行了,10
chat_history_8.18 21：00-21_30_2025-08-18.txt,17,8.18 21：00-21:30,2025/08/18 21:44:23,Zack,male,拉的我都无语了,7
chat_history_8.18 21：00-21_30_2025-08-18.txt,17,8.18 21：00-21:30,2025/08/18 21:44:37,Zack,male,没办法，我觉得，我还是支持拜仁慕尼黑,18
chat_history_8.18 21：00-21_30_2025-08-18.txt,17,8.18 21：00-21:30,2025/08/18 21:44:39,Zack,male,哈哈哈哈哈,5
chat_history_8.18 21：00-21_30_2025-08-18.txt,17,8.18 21：00-21:30,2025/08/18 21:45:00,Zack,male,如果以前的话，我觉得AC米兰更合适,17
chat_history_8.18 21：00-21_30_2025-08-18.txt,17,8.18 21：00-21:30,2025/08/18 21:45:14,Zack,male,巴萨也是后面才发家的,10
chat_history_8.18 21：00-21_30_2025-08-18.txt,17,8.18 21：00-21:30,2025/08/18 21:45:31,Zack,male,英超的豪门大多数也是近些年才出来的,17
chat_history_8.18 21：00-21_30_2025-08-18.txt,17,8.18 21：00-21:30,2025/08/18 21:45:59,Zack,male,如果总排的话，我觉得是皇马，AC，拜仁,19
chat_history_8.18 21：00-21_30_2025-08-18.txt,17,8.18 21：00-21:30,2025/08/18 21:46:06,张三,female,是这样的，我看的比较晚,11
chat_history_8.18 21：00-21_30_2025-08-18.txt,17,8.18 21：00-21:30,2025/08/18 21:46:11,Zack,male,很符合欧冠冠军数量,9
chat_history_8.18 21：00-21_30_2025-08-18.txt,17,8.18 21：00-21:30,2025/08/18 21:46:32,Zack,male,我也是从12-13拜仁7-0巴萨看的,18
chat_history_8.18 21：00-21_30_2025-08-18.txt,17,8.18 21：00-21:30,2025/08/18 21:46:34,Zack,male,哈哈哈哈哈,5
chat_history_8.18 21：00-21_30_2025-08-18.txt,17,8.18 21：00-21:30,2025/08/18 21:46:42,Zack,male,当年还上初中,6
chat_history_8.18 21：00-21_30_2025-08-18.txt,17,8.18 21：00-21:30,2025/08/18 21:47:12,张三,female,你这也很早了属于,8
chat_history_8.18 21：00-21_30_2025-08-18.txt,17,8.18 21：00-21:30,2025/08/18 21:47:41,Zack,male,后面其实看的也不如之前了，后面关注的也不多,21
chat_history_8.18 21：00-21_30_2025-08-18.txt,17,8.18 21：00-21:30,2025/08/18 21:48:16,Zack,male,总的来说，最强的还是皇马，第二就不好排，AC，拜仁，利物浦，曼联都可,34
chat_history_8.18 21：00-21_30_2025-08-18.txt,17,8.18 21：00-21:30,2025/08/18 21:48:17,张三,female,感觉看久足球的都是这样{,12
chat_history_8.18 21：00-21_30_2025-08-18.txt,17,8.18 21：00-21:30,2025/08/18 21:50:55,Steve,male,刚才不让我讨论历史，怎么又讨论历史了，不讲逻辑的,24
chat_history_8.18 22：00-22_30_2025-08-18.txt,16,8.18 22：00-22:30,2025/08/18 21:58:56,Zack,male,虽然不太喜欢，但我觉得可以是巴萨,16
chat_history_8.18 22：00-22_30_2025-08-18.txt,16,8.18 22：00-22:30,2025/08/18 21:59:28,Lily,female,从实力上说巴萨确实不错,11
chat_history_8.18 22：00-22_30_2025-08-18.txt,16,8.18 22：00-22:30,2025/08/18 22:00:04,Steve,male,我感觉巴萨的传球还有他的移动呃速度非常不错他们经常用这些方式来创造一些进攻的机会,40
chat_history_8.18 22：00-22_30_2025-08-18.txt,16,8.18 22：00-22:30,2025/08/18 22:00:30,Steve,male,但是我感觉还是是皇家马德里的他们的风格多一点点,23
chat_history_8.18 22：00-22_30_2025-08-18.txt,16,8.18 22：00-22:30,2025/08/18 22:00:58,Zack,male,就历史和统治力来说我认为巴萨独一档,17
chat_history_8.18 22：00-22_30_2025-08-18.txt,16,8.18 22：00-22:30,2025/08/18 22:01:11,Zack,male,到时候也确实是宇宙队一说了,13
chat_history_8.18 22：00-22_30_2025-08-18.txt,16,8.18 22：00-22:30,2025/08/18 22:02:06,Lily,female,这几年西甲巴萨都是略胜一筹,13
chat_history_8.18 22：00-22_30_2025-08-18.txt,16,8.18 22：00-22:30,2025/08/18 22:02:07,Zack,male,巴萨的足球哲学毋庸置疑就是tiki taka,22
chat_history_8.18 22：00-22_30_2025-08-18.txt,16,8.18 22：00-22:30,2025/08/18 22:02:31,Lily,female,但我还是挺喜欢马竞的哈哈,12
chat_history_8.18 22：00-22_30_2025-08-18.txt,16,8.18 22：00-22:30,2025/08/18 22:03:07,Steve,male,巴萨和皇马比我感觉在欧冠冠军的数量上还是存在一定的差距的所以我感觉还是皇马比较更厉害一点,44
chat_history_8.18 22：00-22_30_2025-08-18.txt,16,8.18 22：00-22:30,2025/08/18 22:03:42,Zack,male,就标签方面来说拉玛西亚青训和tikitaka也是比皇马的巨星政策浓厚一点,36
chat_history_8.18 22：00-22_30_2025-08-18.txt,16,8.18 22：00-22:30,2025/08/18 22:04:51,Zack,male,单论欧冠肯定是不合适的,11
chat_history_8.18 22：00-22_30_2025-08-18.txt,16,8.18 22：00-22:30,2025/08/18 22:05:06,Steve,male,确实,2
chat_history_8.18 22：00-22_30_2025-08-18.txt,16,8.18 22：00-22:30,2025/08/18 22:05:18,Lily,female,但比赛的话多少都有一点偶然性,14
chat_history_8.18 22：00-22_30_2025-08-18.txt,16,8.18 22：00-22:30,2025/08/18 22:05:21,Zack,male,皇马欧冠连庄那几年西甲也不是年年拿,17
chat_history_8.18 22：00-22_30_2025-08-18.txt,16,8.18 22：00-22:30,2025/08/18 22:05:59,Zack,male,巴萨梦之队那时候基本上就都是多冠军,17
chat_history_8.18 22：00-22_30_2025-08-18.txt,16,8.18 22：00-22:30,2025/08/18 22:06:18,Zack,male,统治力更强,5
chat_history_8.18 22：00-22_30_2025-08-18.txt,16,8.18 22：00-22:30,2025/08/18 22:06:32,Zack,male,虽然巴萨和皇马我都不喜欢,12
chat_history_8.18 22：00-22_30_2025-08-18.txt,16,8.18 22：00-22:30,2025/08/18 22:06:57,Lily,female,我会更欣赏巴萨的战术一点,12
chat_history_8.18 22：00-22_30_2025-08-18.txt,16,8.18 22：00-22:30,2025/08/18 22:07:05,Zack,male,但是客观来说这两个就是巴萨一皇马二,17
chat_history_8.18 22：00-22_30_2025-08-18.txt,16,8.18 22：00-22:30,2025/08/18 22:07:18,Zack,male,别的俱乐部都碰瓷不了了,11
chat_history_8.18 22：00-22_30_2025-08-18.txt,16,8.18 22：00-22:30,2025/08/18 22:07:31,Zack,male,真比不过这俩,6
chat_history_8.18 22：00-22_30_2025-08-18.txt,16,8.18 22：00-22:30,2025/08/18 22:08:13,Zack,male,马竞其实我挺喜欢,8
chat_history_8.18 22：00-22_30_2025-08-18.txt,16,8.18 22：00-22:30,2025/08/18 22:08:30,Zack,male,但是这个西蒙尼太让人纠结了,13
chat_history_8.18 22：00-22_30_2025-08-18.txt,16,8.18 22：00-22:30,2025/08/18 22:08:53,Zack,male,没他就没有马竟就没有一点成绩了,15
chat_history_8.18 22：00-22_30_2025-08-18.txt,16,8.18 22：00-22:30,2025/08/18 22:09:10,Lily,female,确实确实,4
chat_history_8.18 22：00-22_30_2025-08-18.txt,16,8.18 22：00-22:30,2025/08/18 22:09:11,Zack,male,有他就会和冠军走远,9
chat_history_8.18 22：00-22_30_2025-08-18.txt,16,8.18 22：00-22:30,2025/08/18 22:09:25,Zack,male,确实是传奇,5
chat_history_8.18 22：00-22_30_2025-08-18.txt,16,8.18 22：00-22:30,2025/08/18 22:09:29,Lily,female,哈哈哈哈哈哈,6
chat_history_8.18 22：00-22_30_2025-08-18.txt,16,8.18 22：00-22:30,2025/08/18 22:09:44,Lily,female,但要说最强可能还是巴萨皇马里面选,16
chat_history_8.18 22：00-22_30_2025-08-18.txt,16,8.18 22：00-22:30,2025/08/18 22:09:48,Zack,male,我觉得西蒙尼得跟克洛普一样,13
chat_history_8.18 22：00-22_30_2025-08-18.txt,16,8.18 22：00-22:30,2025/08/18 22:10:00,Zack,male,急流勇退会好一点,8
chat_history_8.18 22：00-22_30_2025-08-18.txt,16,8.18 22：00-22:30,2025/08/18 22:10:22,Steve,male,大哥的见解真的是非常独到啊,13
chat_history_8.18 22：00-22_30_2025-08-18.txt,16,8.18 22：00-22:30,2025/08/18 22:11:42,Zack,male,就只能巴萨皇马了,8
chat_history_8.18 22：00-22_30_2025-08-18.txt,16,8.18 22：00-22:30,2025/08/18 22:11:48,Steve,male,但是我感觉西蒙尼主要是以防守为主要一些克洛普主要是以进攻方面为主一些,34
chat_history_8.18 22：00-22_30_2025-08-18.txt,16,8.18 22：00-22:30,2025/08/18 22:12:39,Lily,female,西蒙尼主打的确实是防守,11
chat_history_8.18 22：00-22_30_2025-08-18.txt,16,8.18 22：00-22:30,2025/08/18 22:12:41,Steve,male,两个人都挺厉害,7
chat_history_8.18 22：00-22_30_2025-08-18.txt,16,8.18 22：00-22:30,2025/08/18 22:12:45,Zack,male,两个人在俱乐部里确实挺像的,13
chat_history_8.18 22：00-22_30_2025-08-18.txt,16,8.18 22：00-22:30,2025/08/18 22:13:17,Zack,male,待太久了，实力太强，烙印太深了,15
chat_history_8.18 22：00-22_30_2025-08-18.txt,16,8.18 22：00-22:30,2025/08/18 22:13:39,Zack,male,希望他可以去阿根廷国家队,12
chat_history_8.18 22：00-22_30_2025-08-18.txt,16,8.18 22：00-22:30,2025/08/18 22:13:49,Zack,male,三方拯救,4
chat_history_8.18 22：00-22_30_2025-08-18.txt,16,8.18 22：00-22:30,2025/08/18 22:14:01,Lily,female,好提议😄,4
chat_history_8.18 22：30-23_00_2025-08-18.txt,14,8.18 22：30-23:00,2025/08/18 22:33:27,李四,male,这个世界最好感觉没有一个定论,14
chat_history_8.18 22：30-23_00_2025-08-18.txt,14,8.18 22：30-23:00,2025/08/18 22:33:37,Steve,male,确实,2
chat_history_8.18 22：30-23_00_2025-08-18.txt,14,8.18 22：30-23:00,2025/08/18 22:33:40,Lily,female,都是自己看来吧哈哈,9
chat_history_8.18 22：30-23_00_2025-08-18.txt,14,8.18 22：30-23:00,2025/08/18 22:33:43,李四,male,皇萨仁是公认的吧,8
chat_history_8.18 22：30-23_00_2025-08-18.txt,14,8.18 22：30-23:00,2025/08/18 22:34:20,李四,male,传统豪门就是皇萨仁，加上英超big 6，然后意甲的米兰双雄尤文,31
chat_history_8.18 22：30-23_00_2025-08-18.txt,14,8.18 22：30-23:00,2025/08/18 22:34:44,李四,male,客观来说，我觉得是皇马，虽然我不是皇马球迷,21
chat_history_8.18 22：30-23_00_2025-08-18.txt,14,8.18 22：30-23:00,2025/08/18 22:34:46,Steve,male,09年的巴萨,6
chat_history_8.18 22：30-23_00_2025-08-18.txt,14,8.18 22：30-23:00,2025/08/18 22:35:23,Steve,male,要看整个球队还是说一个阶段呢,14
chat_history_8.18 22：30-23_00_2025-08-18.txt,14,8.18 22：30-23:00,2025/08/18 22:35:30,Lily,female,我只看英超感受没这么深,11
chat_history_8.18 22：30-23_00_2025-08-18.txt,14,8.18 22：30-23:00,2025/08/18 22:35:52,李四,male,最近几年，就皇马巴萨拜仁曼城算是很强的，哦，还有新贵巴黎圣日耳曼,32
chat_history_8.18 22：30-23_00_2025-08-18.txt,14,8.18 22：30-23:00,2025/08/18 22:36:26,Lily,female,是的,2
chat_history_8.18 22：30-23_00_2025-08-18.txt,14,8.18 22：30-23:00,2025/08/18 22:36:26,李四,male,我记得二位是曼市德比的球迷,13
chat_history_8.18 22：30-23_00_2025-08-18.txt,14,8.18 22：30-23:00,2025/08/18 22:36:28,Steve,male,还有个利物浦,6
chat_history_8.18 22：30-23_00_2025-08-18.txt,14,8.18 22：30-23:00,2025/08/18 22:36:57,李四,male,英超感觉就是整体联赛的这个竞争力很强，但是一到欧冠上啊，还是略显疲软,34
chat_history_8.18 22：30-23_00_2025-08-18.txt,14,8.18 22：30-23:00,2025/08/18 22:37:20,Lily,female,但英超球队这几年欧战整体成绩不错,16
chat_history_8.18 22：30-23_00_2025-08-18.txt,14,8.18 22：30-23:00,2025/08/18 22:37:28,Lily,female,因为联赛竞争太大,8
chat_history_8.18 22：30-23_00_2025-08-18.txt,14,8.18 22：30-23:00,2025/08/18 22:37:35,李四,male,但最终的冠军好像我记得也就切尔西吧,17
chat_history_8.18 22：30-23_00_2025-08-18.txt,14,8.18 22：30-23:00,2025/08/18 22:37:57,Lily,female,曼城两年前才拿欧冠,9
chat_history_8.18 22：30-23_00_2025-08-18.txt,14,8.18 22：30-23:00,2025/08/18 22:38:07,李四,male,英超big 6里面去年热刺和曼联都都快垫底了，快降级了,27
chat_history_8.18 22：30-23_00_2025-08-18.txt,14,8.18 22：30-23:00,2025/08/18 22:38:23,李四,male,哦，对，还有曼城，我忘了，不好意思,17
chat_history_8.18 22：30-23_00_2025-08-18.txt,14,8.18 22：30-23:00,2025/08/18 22:38:50,Lily,female,皇马确实是欧冠之王,9
chat_history_8.18 22：30-23_00_2025-08-18.txt,14,8.18 22：30-23:00,2025/08/18 22:38:58,Lily,female,这么多年,4
chat_history_8.18 22：30-23_00_2025-08-18.txt,14,8.18 22：30-23:00,2025/08/18 22:39:18,李四,male,人皇马都16冠之心了哈哈哈哈,14
chat_history_8.18 22：30-23_00_2025-08-18.txt,14,8.18 22：30-23:00,2025/08/18 22:39:34,Lily,female,影响力算世界一流了,9
chat_history_8.18 22：30-23_00_2025-08-18.txt,14,8.18 22：30-23:00,2025/08/18 22:39:34,李四,male,确实是断档的强,7
chat_history_8.18 22：30-23_00_2025-08-18.txt,14,8.18 22：30-23:00,2025/08/18 22:40:35,李四,male,总的来看，还是皇马断档第一吧，我感觉，然后就是巴萨拜仁，然后再往下是曼城，曼联，米兰国米，英超big 6那些,54
chat_history_8.18 22：30-23_00_2025-08-18.txt,14,8.18 22：30-23:00,2025/08/18 22:40:50,Steve,male,曼城属于新贵啊,7
chat_history_8.18 22：30-23_00_2025-08-18.txt,14,8.18 22：30-23:00,2025/08/18 22:40:59,Lily,female,我也同意！虽然我不喜欢皇马哈哈,15
chat_history_8.18 22：30-23_00_2025-08-18.txt,14,8.18 22：30-23:00,2025/08/18 22:41:02,李四,male,我是拜仁球迷，但是我是穆勒的人迷，穆勒走了以后感觉归属感没有那么强了,34
chat_history_8.18 22：30-23_00_2025-08-18.txt,14,8.18 22：30-23:00,2025/08/18 22:41:19,Lily,female,曼城瓜帅在任这十年还是很强的,14
chat_history_8.18 22：30-23_00_2025-08-18.txt,14,8.18 22：30-23:00,2025/08/18 22:41:24,李四,male,足球还是市场经济,8
chat_history_8.18 22：30-23_00_2025-08-18.txt,14,8.18 22：30-23:00,2025/08/18 22:41:27,Steve,male,如果只看欧冠,6
chat_history_8.18 22：30-23_00_2025-08-18.txt,14,8.18 22：30-23:00,2025/08/18 22:41:28,Lily,female,是的,2
chat_history_8.18 22：30-23_00_2025-08-18.txt,14,8.18 22：30-23:00,2025/08/18 22:41:31,Steve,male,米兰也是第二,6
chat_history_8.18 22：30-23_00_2025-08-18.txt,14,8.18 22：30-23:00,2025/08/18 22:41:38,Steve,male,利物浦近几年也很强,9
chat_history_8.18 22：30-23_00_2025-08-18.txt,14,8.18 22：30-23:00,2025/08/18 22:42:03,Steve,male,影响力肯定是皇马巴萨拜仁前三,14
chat_history_8.18 22：30-23_00_2025-08-18.txt,14,8.18 22：30-23:00,2025/08/18 22:42:08,Lily,female,这几年感觉意甲关注度没这么高了,15
chat_history_8.18 22：30-23_00_2025-08-18.txt,14,8.18 22：30-23:00,2025/08/18 22:42:21,Lily,female,皇萨仁公认的,6
chat_history_8.18 22：30-23_00_2025-08-18.txt,14,8.18 22：30-23:00,2025/08/18 22:42:41,李四,male,因为意甲就尤文以前还强一点，现在嘛，国米米兰还稍微好一点，整体竞争力不够,36
chat_history_8.18 22：30-23_00_2025-08-18.txt,14,8.18 22：30-23:00,2025/08/18 22:42:47,Lily,female,但这几年成绩还是皇马吧,11
chat_history_8.18 22：30-23_00_2025-08-18.txt,14,8.18 22：30-23:00,2025/08/18 22:42:55,Lily,female,一直都挺强的,6
chat_history_8.18 22：30-23_00_2025-08-18.txt,14,8.18 22：30-23:00,2025/08/18 22:42:56,Steve,male,近几年确实,5
chat_history_8.18 22：30-23_00_2025-08-18.txt,14,8.18 22：30-23:00,2025/08/18 22:43:13,李四,male,联赛还是英超好看，那英超第一跟垫底都能打个有来有回的，而且转换进攻很快，很激烈，对抗也很好,45
chat_history_8.18 22：30-23_00_2025-08-18.txt,14,8.18 22：30-23:00,2025/08/18 22:43:59,李四,male,曼城和巴黎是近两年也不能说近两年吧，反正近二三十年吧，投入很大，然后成绩还是有立竿见影的效果的,47
chat_history_8.18 22：30-23_00_2025-08-18.txt,14,8.18 22：30-23:00,2025/08/18 22:44:06,Lily,female,是的英超政策规定使得整个联赛竞争力世界一流,21
chat_history_8.18 22：30-23_00_2025-08-18.txt,14,8.18 22：30-23:00,2025/08/18 22:44:07,Steve,male,我记得巴萨是不是也有四个欧冠呢,15
chat_history_8.18 22：30-23_00_2025-08-18.txt,14,8.18 22：30-23:00,2025/08/18 22:44:10,Steve,male,改制之后,4
chat_history_8.18 22：30-23_00_2025-08-18.txt,14,8.18 22：30-23:00,2025/08/18 22:44:18,Steve,male,06 09 11 15,11
chat_history_8.18 22：30-23_00_2025-08-18.txt,14,8.18 22：30-23:00,2025/08/18 22:44:47,李四,male,巴萨欧冠有五个，第一个是9一年的9192赛季,22
chat_history_8.18 22：30-23_00_2025-08-18.txt,14,8.18 22：30-23:00,2025/08/18 22:44:59,Steve,male,说的改制之后啊,7
chat_history_8.18 22：30-23_00_2025-08-18.txt,14,8.18 22：30-23:00,2025/08/18 22:45:08,李四,male,那你要聊欧冠那利物浦和米兰还在前面呢是吧？然后是拜仁,26
chat_history_8.18 22：30-23_00_2025-08-18.txt,14,8.18 22：30-23:00,2025/08/18 22:45:25,李四,male,改制是哪一年？,7
chat_history_8.18 22：30-23_00_2025-08-18.txt,14,8.18 22：30-23:00,2025/08/18 22:46:06,Steve,male,92,2
chat_history_8.18 22：30-23_00_2025-08-18.txt,14,8.18 22：30-23:00,2025/08/18 22:46:07,Steve,male,？,1
chat_history_8.18 22：30-23_00_2025-08-18.txt,14,8.18 22：30-23:00,2025/08/18 22:46:38,李四,male,maybe不太记得哈哈,11
chat_history_8.18 22：30-23_00_2025-08-18.txt,14,8.18 22：30-23:00,2025/08/18 22:46:58,李四,male,就从从群里那个球迷分布就能看得出来影响力,20
chat_history_8.18 22：30-23_00_2025-08-18.txt,14,8.18 22：30-23:00,2025/08/18 22:47:05,Lily,female,哈哈哈哈哈确实,7
chat_history_8.18 22：30-23_00_2025-08-18.txt,14,8.18 22：30-23:00,2025/08/18 22:47:10,李四,male,皇马巴萨的断档的多,9
chat_history_8.18 22：30-23_00_2025-08-18.txt,14,8.18 22：30-23:00,2025/08/18 22:47:26,Lily,female,确实,2
chat_history_8.18 22：30-23_00_2025-08-18.txt,14,8.18 22：30-23:00,2025/08/18 22:47:30,李四,male,我甚至还看见一个水晶宫球迷，我的天，喜欢小球队确实不多,27
chat_history_8.18 22：30-23_00_2025-08-18.txt,14,8.18 22：30-23:00,2025/08/18 22:47:41,Lily,female,这俩还有曼联在中国球迷比较多的,15
chat_history_8.18 22：30-23_00_2025-08-18.txt,14,8.18 22：30-23:00,2025/08/18 22:47:43,李四,male,哦，对曼联球迷还挺多的,11
chat_history_8.18 22：30-23_00_2025-08-18.txt,14,8.18 22：30-23:00,2025/08/18 22:47:50,Steve,male,曼联球迷确实多,7
chat_history_8.18 22：30-23_00_2025-08-18.txt,14,8.18 22：30-23:00,2025/08/18 22:47:57,Lily,female,但我觉得第一的话就皇马吧,12
chat_history_8.18 22：30-23_00_2025-08-18.txt,14,8.18 22：30-23:00,2025/08/18 22:47:59,Steve,male,但球队成绩真是狗屎,9
chat_history_8.18 22：30-23_00_2025-08-18.txt,14,8.18 22：30-23:00,2025/08/18 22:48:01,Lily,female,影响力,3
chat_history_8.18 22：30-23_00_2025-08-18.txt,14,8.18 22：30-23:00,2025/08/18 22:48:05,Lily,female,成绩,2
chat_history_8.18 22：30-23_00_2025-08-18.txt,14,8.18 22：30-23:00,2025/08/18 22:48:07,Lily,female,球员,2
chat_history_8.18 22：30-23_00_2025-08-18.txt,14,8.18 22：30-23:00,2025/08/18 22:48:09,Steve,male,皇马没话说,5
chat_history_8.18 22：30-23_00_2025-08-18.txt,14,8.18 22：30-23:00,2025/08/18 22:48:09,Lily,female,商业,2
chat_history_8.18 22：30-23_00_2025-08-18.txt,14,8.18 22：30-23:00,2025/08/18 22:48:15,Lily,female,都是世界一流,6
chat_history_8.18 22：30-23_00_2025-08-18.txt,14,8.18 22：30-23:00,2025/08/18 22:48:26,Lily,female,虽然我是曼城球迷,8
chat_history_8.18 22：30-23_00_2025-08-18.txt,14,8.18 22：30-23:00,2025/08/18 22:48:30,李四,male,虽然不喜欢皇马，但是皇马就是第一断档的第一,21
chat_history_8.18 22：30-23_00_2025-08-18.txt,14,8.18 22：30-23:00,2025/08/18 22:48:37,Lily,female,对,1
